BoroCT2020,ScoreBaseElemSchool,WeightForAggregation
1000201,94,"0,1"
1000202,94,"0,3"
1000600,94,"0,2"
1000700,94,"0,2"
1000800,94,"0,2"
1000900,90,"0,2"
1001001,94,"0,1"
1001002,94,"0,2"
1001200,94,"0,1"
1001300,100,"0,3"
1001401,94,"0,1"
1001402,94,"0,1"
1001501,70,"0,3"
1001502,70,"0,2"
1001600,80,"0,2"
1001800,94,"0,2"
1002000,94,"0,1"
1002100,100,"0,2"
1002201,94,"0,2"
1002202,94,"0,1"
1002400,94,"0,2"
1002500,40,"0,1"
1002601,94,"0,1"
1002602,94,"0,1"
1002700,70,"0,1"
1002800,94,"0,2"
1002901,80,"0,1"
1002902,70,"0,1"
1003001,94,"0,1"
1003002,94,"0,1"
1003100,70,"0,2"
1003200,94,"0,2"
1003300,100,"0,3"
1003400,94,"0,2"
1003601,94,"0,1"
1003602,94,"0,1"
1003700,100,"0,4"
1003800,94,"0,2"
1003900,100,"0,3"
1004001,94,"0,1"
1004002,94,"0,1"
1004100,94,"0,2"
1004200,94,"0,1"
1004300,94,"0,1"
1004400,100,"0,4"
1004500,60,"0,1"
1004700,100,"0,2"
1004800,100,"0,2"
1004900,50,"0,2"
1005000,100,"0,2"
1005200,94,"0,2"
1005400,65,"0,2"
1005501,50,"0,1"
1005502,94,"0,1"
1005600,94,"0,2"
1005700,94,"0,1"
1005800,80,"0,2"
1005900,60,"0,1"
1006000,94,"0,1"
1006100,94,"0,1"
1006200,94,"0,3"
1006300,80,"0,2"
1006400,94,"0,2"
1006500,60,"0,2"
1006600,94,"0,2"
1006700,13,"0,2"
1006800,94,"0,2"
1006900,13,"0,2"
1007001,80,"0,1"
1007002,80,"0,1"
1007100,80,"0,2"
1007200,80,"0,2"
1007300,60,"0,2"
1007400,80,"0,2"
1007500,60,"0,2"
1007600,80,"0,2"
1007700,80,"0,2"
1007800,80,"0,2"
1007900,65,"0,3"
1008000,80,"0,2"
1008100,65,"0,2"
1008200,80,"0,2"
1008300,65,"0,2"
1008400,40,"0,2"
1008601,0,"0,1"
1008603,0,"0,1"
1008700,65,"0,2"
1008800,80,"0,2"
1008900,17,"0,2"
1009000,80,"0,2"
1009100,40,"0,2"
1009200,80,"0,2"
1009300,40,"0,2"
1009400,80,"0,2"
1009500,40,"0,2"
1009600,94,"0,2"
1009700,40,"0,2"
1009800,0,"0,2"
1009901,65,"0,4"
1009902,17,"0,2"
1009903,54,"0,4"
1010000,0,"0,2"
1010100,54,"0,2"
1010200,70,"0,2"
1010300,54,"0,2"
1010400,70,"0,2"
1010601,36,"0,1"
1010602,94,"0,1"
1010801,0,"0,1"
1010802,36,"0,1"
1010803,36,"0,1"
1010900,40,"0,2"
1011000,94,"0,2"
1011100,40,"0,2"
1011201,100,"0,1"
1011202,100,"0,1"
1011203,36,"0,1"
1011300,40,"0,2"
1011401,36,"0,1"
1011402,36,"0,1"
1011500,40,"0,2"
1011600,94,"0,2"
1011700,40,"0,2"
1011800,94,"0,2"
1011900,40,"0,2"
1012000,36,"0,2"
1012101,40,"0,1"
1012102,40,"0,1"
1012200,36,"0,2"
1012400,80,"0,2"
1012500,90,"0,2"
1012601,94,"0,1"
1012602,94,"0,1"
1012700,90,"0,2"
1012800,100,"0,2"
1012901,40,"0,2"
1012902,90,"0,2"
1013000,100,"0,2"
1013100,70,"0,2"
1013201,23,"0,1"
1013202,90,"0,1"
1013203,90,"0,1"
1013300,70,"0,2"
1013400,100,"0,2"
1013501,70,"0,2"
1013502,70,"0,2"
1013601,50,0
1013602,90,"0,1"
1013603,36,"0,1"
1013604,90,"0,1"
1013700,70,"0,2"
1013800,100,"0,2"
1013900,70,"0,2"
1014000,100,"0,2"
1014200,36,"0,2"
1014401,50,"0,1"
1014402,90,"0,2"
1014500,94,"0,2"
1014601,70,"0,1"
1014602,70,"0,1"
1014700,94,"0,1"
1014801,100,"0,1"
1014802,100,"0,1"
1014900,94,"0,2"
1015001,36,"0,1"
1015002,100,"0,1"
1015101,94,"0,1"
1015102,100,"0,2"
1015200,90,"0,2"
1015301,94,"0,1"
1015302,94,"0,1"
1015401,70,"0,1"
1015402,100,"0,1"
1015403,100,"0,1"
1015501,94,"0,1"
1015502,54,"0,1"
1015601,100,"0,1"
1015602,100,"0,1"
1015700,100,"0,2"
1015801,100,"0,1"
1015802,80,"0,1"
1015900,100,"0,2"
1016001,100,"0,1"
1016002,94,"0,1"
1016100,94,"0,2"
1016200,50,"0,3"
1016300,100,"0,3"
1016400,90,"0,2"
1016500,94,"0,2"
1016600,94,"0,2"
1016700,94,"0,2"
1016800,94,"0,2"
1016900,70,"0,2"
1017000,60,"0,2"
1017100,70,"0,2"
1017200,50,"0,2"
1017300,60,"0,2"
1017401,50,"0,1"
1017402,17,"0,1"
1017500,60,"0,2"
1017700,54,"0,2"
1017800,8,"0,2"
1017900,40,"0,2"
1018000,60,"0,2"
1018100,54,"0,1"
1018200,70,"0,2"
1018300,54,"0,2"
1018400,60,"0,2"
1018500,54,"0,1"
1018600,54,"0,1"
1018700,54,"0,2"
1018800,54,"0,1"
1018900,54,"0,3"
1019000,54,"0,1"
1019100,15,"0,2"
1019200,70,"0,2"
1019300,65,"0,2"
1019400,70,"0,2"
1019500,9,"0,2"
1019600,54,"0,2"
1019701,94,"0,2"
1019702,54,0
1019800,54,"0,2"
1019900,9,"0,2"
1020000,54,"0,1"
1020101,9,"0,1"
1020102,80,"0,1"
1020300,70,"0,2"
1020500,70,"0,3"
1020600,54,"0,1"
1020701,70,0
1020800,54,"0,1"
1020901,70,"0,1"
1021000,54,"0,2"
1021100,70,"0,3"
1021200,36,"0,2"
1021303,60,"0,2"
1021400,54,"0,1"
1021500,70,"0,1"
1021600,90,"0,2"
1021703,70,"0,3"
1021800,90,"0,2"
1021900,80,"0,3"
1022000,40,"0,2"
1022102,50,"0,1"
1022200,30,"0,2"
1022301,60,"0,2"
1022302,60,"0,1"
1022400,54,"0,2"
1022500,26,"0,3"
1022600,60,"0,2"
1022700,50,"0,2"
1022800,60,"0,2"
1022900,26,"0,2"
1023000,60,"0,2"
1023100,54,"0,2"
1023200,60,"0,2"
1023300,20,"0,2"
1023400,7,"0,1"
1023501,33,"0,2"
1023502,30,0
1023600,36,"0,3"
1023700,33,"0,3"
1023802,0,"0,2"
1023803,0,"0,1"
1023804,30,"0,2"
1023900,36,"0,1"
1024100,36,"0,2"
1024200,70,"0,3"
1024301,70,"0,1"
1024302,70,"0,2"
1024500,36,"0,2"
1024700,36,"0,3"
1024900,70,"0,1"
1025100,70,"0,2"
1025300,70,"0,2"
1025500,26,"0,4"
1025700,70,"0,1"
1025900,40,"0,1"
1026100,70,"0,2"
1026300,70,"0,2"
1026500,65,"0,2"
1026700,50,0
1026900,50,"0,2"
1027100,70,"0,2"
1027300,65,"0,2"
1027500,65,"0,3"
1027700,50,"0,2"
1027900,50,"0,2"
1028100,65,"0,1"
1028300,50,"0,2"
1028500,60,"0,1"
1028700,80,"0,5"
1029100,60,"0,2"
1029300,60,"0,2"
1029500,60,"0,1"
1029900,70,"0,6"
1030300,60,"0,2"
1030700,60,"0,1"
1030900,0,"0,3"
1031703,100,"0,2"
1031704,100,"0,2"
2000100,0,"1,7"
2000200,17,"0,5"
2000400,7,"0,8"
2001600,40,"0,5"
2001901,90,"0,2"
2001902,90,"0,5"
2001903,90,"0,9"
2002001,54,"0,2"
2002002,40,"0,2"
2002300,90,"0,1"
2002500,90,"0,1"
2002701,90,"0,1"
2002702,90,"0,2"
2002800,54,"0,4"
2003100,90,"0,2"
2003300,90,"0,2"
2003500,90,"0,1"
2003700,90,"0,2"
2003800,40,"0,1"
2003900,90,"0,2"
2004001,13,"0,1"
2004100,90,"0,2"
2004200,40,"0,5"
2004300,90,"0,2"
2004400,0,"0,3"
2004600,40,"0,1"
2004800,9,"0,1"
2005001,9,"0,1"
2005002,9,"0,1"
2005100,90,"0,5"
2005200,23,"0,2"
2005300,13,"0,1"
2005400,17,"0,2"
2005600,17,"0,1"
2005902,33,"0,1"
2006000,26,"0,3"
2006100,90,"0,2"
2006200,23,"0,2"
2006301,90,"0,8"
2006400,23,"0,2"
2006500,90,"0,3"
2006700,20,"0,2"
2006800,0,"0,2"
2006900,20,"0,2"
2007000,0,"0,2"
2007100,90,"0,3"
2007200,50,"0,2"
2007300,20,"0,1"
2007400,13,"0,2"
2007500,26,"0,2"
2007600,23,"0,2"
2007700,26,"0,1"
2007800,50,"0,3"
2007900,26,"0,2"
2008300,26,"0,2"
2008400,13,"0,2"
2008500,20,"0,2"
2008600,13,"0,2"
2008700,80,"0,2"
2008900,80,"0,1"
2009000,70,"1,1"
2009200,60,"0,3"
2009301,26,"0,6"
2009302,90,"1,8"
2009600,90,"0,7"
2009800,70,"0,5"
2011502,60,"0,3"
2011701,20,"0,2"
2011800,13,1
2011900,80,"0,2"
2012101,20,"0,1"
2012102,80,"0,1"
2012300,30,"0,3"
2012500,80,"0,2"
2012701,80,"0,1"
2012901,80,"0,2"
2013000,13,"0,1"
2013100,80,"0,2"
2013200,13,"0,6"
2013300,80,"0,2"
2013500,30,"0,2"
2013800,23,"0,8"
2014100,33,"0,2"
2014300,36,"0,1"
2014400,80,"0,4"
2014500,26,"0,2"
2014701,60,"0,1"
2014702,50,"0,1"
2014900,50,"0,2"
2015100,60,"0,2"
2015200,80,"0,3"
2015300,17,"0,2"
2015500,17,"0,1"
2015700,26,"0,3"
2015800,60,"0,2"
2015900,80,"0,1"
2016000,70,"0,5"
2016100,26,"0,2"
2016200,30,"0,2"
2016400,70,"0,2"
2016500,80,"0,2"
2016600,80,"0,3"
2016700,80,"0,2"
2016900,80,"0,1"
2017300,40,"0,2"
2017500,36,"0,2"
2017701,60,"0,1"
2017702,40,"0,1"
2017901,65,"0,1"
2017902,65,"0,1"
2018101,36,"0,1"
2018102,40,"0,1"
2018301,40,"0,1"
2018302,40,"0,1"
2018400,7,"0,4"
2018501,30,"0,2"
2018502,30,"0,2"
2018900,33,"0,4"
2019300,33,"0,2"
2019400,94,"0,8"
2019500,40,"0,2"
2019700,65,"0,1"
2019900,33,"0,2"
2020000,100,"0,3"
2020100,4,"0,3"
2020200,33,"0,1"
2020400,94,"0,1"
2020501,17,"0,3"
2020502,13,"0,1"
2020601,60,"0,2"
2020900,65,"0,1"
2021001,94,"0,2"
2021002,50,"0,2"
2021100,65,"0,2"
2021200,50,"0,1"
2021301,17,"0,1"
2021302,65,"0,2"
2021501,23,"0,1"
2021502,17,"0,2"
2021601,94,"0,2"
2021602,94,"0,2"
2021700,17,"0,2"
2021800,100,"0,3"
2021900,65,"0,1"
2022000,54,"0,2"
2022101,65,"0,1"
2022102,65,"0,1"
2022200,60,"0,2"
2022300,65,"0,1"
2022401,80,"0,1"
2022403,80,"0,1"
2022404,60,"0,1"
2022500,65,"0,2"
2022701,33,"0,1"
2022702,65,0
2022703,6,0
2022800,100,"0,2"
2022901,65,"0,1"
2022902,40,"0,1"
2023000,100,"0,2"
2023100,30,"0,1"
2023200,100,"0,1"
2023301,30,"0,1"
2023302,30,"0,1"
2023501,40,"0,1"
2023502,30,"0,1"
2023600,100,"0,1"
2023702,10,0
2023703,10,"0,1"
2023704,7,"0,1"
2023800,100,"0,3"
2023900,50,"0,2"
2024000,100,"0,2"
2024100,65,"0,1"
2024300,30,"0,1"
2024400,94,"0,2"
2024501,15,"0,1"
2024502,36,"0,1"
2024600,94,"0,2"
2024700,13,"0,1"
2024800,100,"0,3"
2024900,70,"0,2"
2025000,100,"0,2"
2025100,70,"0,2"
2025200,94,"0,2"
2025300,70,"0,1"
2025400,100,"0,2"
2025500,50,"0,2"
2025600,100,"0,2"
2025700,50,"0,2"
2026100,23,"0,2"
2026300,36,"0,2"
2026400,17,"0,4"
2026500,23,"0,2"
2026601,17,"0,2"
2026602,17,"0,3"
2026701,23,"0,1"
2026702,30,"0,2"
2026900,50,"0,4"
2027300,23,"0,2"
2027401,70,"0,7"
2027402,7,"0,5"
2027700,60,"0,2"
2027900,60,"0,3"
2028100,23,"0,1"
2028300,65,"0,2"
2028400,94,"1,1"
2028500,65,"0,3"
2028600,90,"0,2"
2028700,60,"0,2"
2028800,90,"0,3"
2028900,60,"0,2"
2029301,0,"0,2"
2029302,2,"0,4"
2029500,20,"0,2"
2029600,94,"0,7"
2029700,17,"0,2"
2030000,17,"0,4"
2030100,0,"0,1"
2030201,50,"0,2"
2030202,0,"0,3"
2030701,17,"0,4"
2030900,17,"1,3"
2031000,50,"0,6"
2031200,50,"0,2"
2031400,50,"0,2"
2031600,50,"0,2"
2031800,65,"0,2"
2031900,17,"0,2"
2032300,17,"0,6"
2032400,6,"0,3"
2032600,65,"0,3"
2032800,20,"0,2"
2033000,20,"0,2"
2033201,6,"0,1"
2033202,20,"0,1"
2033500,94,"0,2"
2033601,7,"0,1"
2033602,17,"0,1"
2033700,17,"0,4"
2033801,7,"0,1"
2033802,7,0
2034000,20,"0,2"
2034200,20,"0,2"
2034300,17,"0,1"
2034400,20,"0,2"
2034500,17,"0,3"
2034800,20,"0,4"
2035000,50,"0,2"
2035100,17,"0,6"
2035600,50,"0,4"
2035800,13,"0,7"
2035900,23,"0,1"
2036000,50,"0,3"
2036100,7,"0,2"
2036300,23,"0,2"
2036400,10,"0,2"
2036501,23,"0,1"
2036502,23,"0,1"
2036700,30,"0,1"
2036800,17,"0,2"
2036901,60,"0,1"
2036902,60,"0,1"
2037000,13,"0,2"
2037100,23,"0,2"
2037200,17,"0,2"
2037300,30,"0,2"
2037400,17,"0,2"
2037504,33,"0,2"
2037600,9,"0,1"
2037800,15,"0,1"
2037900,17,"0,2"
2038000,17,"0,2"
2038100,4,"0,2"
2038200,17,"0,2"
2038301,7,"0,1"
2038303,20,"0,1"
2038304,20,"0,1"
2038500,20,"0,2"
2038600,13,"0,4"
2038700,20,"0,2"
2038800,7,"0,1"
2038900,9,"0,2"
2039000,17,"0,2"
2039100,33,"0,2"
2039200,15,"0,1"
2039300,26,"0,2"
2039400,6,"0,1"
2039500,65,"0,4"
2039600,10,"0,2"
2039700,26,"0,5"
2039800,7,"0,2"
2039901,8,"0,2"
2039902,6,"0,1"
2040100,23,"0,2"
2040302,15,"0,1"
2040303,26,"0,1"
2040304,23,"0,1"
2040400,13,"0,2"
2040501,26,"0,1"
2040502,20,"0,1"
2040600,6,"0,2"
2040701,20,"0,1"
2040702,26,"0,2"
2040800,6,"0,1"
2040900,30,"1,2"
2041100,20,"0,1"
2041300,20,"0,2"
2041400,60,"0,6"
2041500,26,"0,1"
2041800,60,"0,3"
2041900,26,"0,3"
2042000,6,"0,2"
2042100,6,"0,2"
2042200,20,"0,2"
2042300,10,"0,2"
2042400,23,"0,2"
2042500,26,"0,3"
2042600,36,"0,5"
2042800,36,"0,2"
2042901,10,"0,1"
2042902,6,"0,1"
2043000,13,"0,2"
2043101,6,"0,1"
2043102,6,"0,1"
2043400,36,"0,3"
2043501,54,"0,4"
2043600,13,"0,2"
2044200,36,"0,2"
2044400,36,"0,4"
2044800,17,"0,2"
2044901,80,"0,2"
2044902,80,"0,2"
2045101,40,"0,2"
2045102,60,"0,2"
2045600,33,"0,9"
2045800,30,"0,2"
2046000,13,"0,3"
2046203,20,"0,9"
2046204,15,"0,1"
2046205,54,"0,9"
2046206,15,"0,1"
2046207,20,"0,2"
2046208,54,"0,5"
2046209,20,"0,5"
2048401,33,"0,5"
2048402,30,"0,2"
2051601,20,"1,2"
3000100,23,"0,2"
3000200,10,"0,3"
3000301,23,"0,2"
3000501,23,"0,1"
3000502,90,"0,1"
3000700,36,"0,2"
3000900,90,"0,2"
3001100,90,"0,2"
3001300,90,"0,3"
3001501,94,"0,2"
3001502,94,"0,1"
3001801,65,"0,5"
3001802,80,"0,6"
3001803,10,"0,6"
3002000,6,"0,2"
3002100,40,"0,5"
3002200,40,"0,3"
3002300,90,"0,2"
3002901,94,"0,1"
3003000,40,"0,1"
3003101,94,"0,2"
3003300,94,"0,2"
3003400,40,"0,5"
3003500,80,"0,1"
3003600,40,"0,1"
3003700,94,"0,2"
3003800,40,"0,1"
3003900,40,"0,2"
3004100,30,"0,2"
3004300,30,"0,2"
3004400,65,"0,4"
3004500,36,"0,2"
3004600,65,"0,3"
3004700,60,"0,3"
3004900,36,"0,1"
3005000,30,"0,2"
3005100,60,"0,2"
3005201,30,"0,1"
3005202,70,"0,1"
3005301,4,"0,6"
3005302,54,"0,8"
3005400,70,"0,2"
3005601,23,"0,2"
3005602,23,"0,1"
3005800,80,"0,2"
3005900,60,"0,4"
3006000,80,"0,2"
3006200,80,"0,2"
3006300,60,"0,1"
3006400,65,"0,2"
3006500,50,"0,2"
3006600,40,"0,2"
3006700,60,"0,2"
3006800,40,"0,2"
3006901,36,"0,1"
3006902,40,"0,1"
3007000,40,"0,1"
3007100,33,"0,2"
3007200,30,"0,1"
3007400,23,"0,1"
3007500,60,"0,3"
3007600,20,"0,1"
3007700,54,"0,4"
3007800,6,"0,1"
3008000,10,"0,1"
3008200,10,"0,1"
3008400,80,"0,2"
3008500,20,"0,2"
3008800,0,"0,2"
3009001,13,"0,1"
3009002,26,"0,1"
3009201,13,"0,1"
3009202,26,"0,1"
3009401,60,"0,1"
3009402,60,"0,1"
3009600,23,"0,2"
3009800,30,"0,2"
3010000,70,"0,2"
3010100,65,"0,3"
3010200,94,"0,2"
3010401,94,"0,1"
3010402,94,"0,1"
3010601,94,"0,1"
3010602,94,"0,1"
3010801,60,"0,1"
3010802,60,"0,1"
3011000,30,"0,2"
3011200,26,"0,2"
3011400,60,"0,2"
3011600,94,"0,2"
3011700,40,"0,2"
3011800,94,"0,2"
3011901,40,"0,5"
3012000,70,"0,2"
3012100,33,"0,1"
3012200,30,"0,2"
3012600,40,"0,2"
3012700,40,"0,2"
3012801,0,"0,1"
3012901,40,"0,1"
3012902,65,"0,1"
3013000,40,"0,2"
3013100,36,"0,2"
3013200,40,"0,2"
3013300,80,"0,1"
3013400,40,"0,3"
3013500,36,"0,2"
3013600,65,"0,2"
3013700,100,"0,2"
3013800,80,"0,2"
3013900,80,"0,2"
3014000,54,"0,1"
3014101,60,"0,1"
3014102,60,"0,1"
3014200,70,"0,2"
3014300,60,"0,2"
3014500,60,"0,2"
3014700,60,"0,1"
3014800,65,"0,1"
3014901,60,"0,1"
3014902,60,"0,2"
3015000,30,"0,1"
3015100,90,"0,1"
3015200,54,"0,3"
3015300,100,"0,2"
3015500,36,"0,1"
3015700,80,"0,2"
3015900,36,"0,3"
3016000,70,"0,3"
3016100,65,"0,2"
3016200,23,"0,2"
3016300,60,"0,2"
3016400,70,"0,8"
3016500,100,"0,2"
3016600,40,"0,3"
3016700,90,"0,2"
3016800,80,"0,2"
3016900,60,"0,2"
3017000,80,"0,2"
3017100,13,"0,2"
3017200,80,"0,2"
3017400,80,"0,2"
3017600,70,"0,1"
3017800,80,"0,2"
3017900,80,"0,2"
3018000,80,"0,2"
3018100,80,"0,2"
3018200,80,"0,2"
3018300,70,"0,1"
3018400,30,"0,1"
3018501,94,"0,1"
3018600,30,"0,1"
3018700,4,"0,1"
3018800,80,"0,2"
3019000,70,"0,2"
3019100,70,"0,3"
3019200,60,"0,2"
3019300,80,"0,3"
3019400,70,"0,2"
3019500,70,"0,1"
3019600,70,"0,2"
3019700,80,"0,2"
3019800,80,"0,1"
3019900,80,"0,2"
3020000,70,"0,1"
3020100,60,"0,2"
3020200,70,"0,1"
3020300,60,"0,1"
3020400,54,"0,1"
3020500,36,"0,2"
3020600,54,"0,2"
3020700,36,"0,1"
3020800,23,"0,1"
3021000,60,"0,1"
3021100,90,"0,3"
3021200,70,"0,2"
3021300,70,"0,2"
3021400,94,"0,2"
3021500,36,"0,2"
3021600,94,"0,2"
3021700,17,"0,1"
3021800,70,"0,2"
3021900,50,"0,1"
3022000,80,"0,2"
3022100,50,"0,2"
3022200,80,"0,2"
3022400,60,"0,2"
3022600,60,"0,2"
3022700,36,"0,2"
3022800,94,"0,2"
3022900,33,"0,2"
3023000,70,"0,2"
3023100,26,"0,2"
3023200,70,"0,2"
3023300,26,"0,2"
3023400,70,"0,2"
3023500,6,"0,1"
3023600,70,"0,2"
3023800,23,"0,2"
3024000,23,"0,2"
3024100,54,"0,2"
3024200,60,"0,2"
3024300,54,"0,2"
3024400,60,"0,2"
3024500,54,"0,2"
3024600,60,"0,2"
3024700,36,"0,2"
3024800,70,"0,2"
3024900,54,"0,2"
3025000,70,"0,2"
3025100,33,"0,1"
3025200,70,"0,2"
3025300,54,"0,2"
3025400,60,"0,2"
3025500,40,"0,1"
3025600,60,"0,2"
3025700,90,"0,2"
3025800,23,"0,2"
3025901,54,"0,1"
3025902,90,"0,1"
3026000,70,"0,2"
3026100,60,"0,2"
3026200,70,"0,2"
3026300,60,"0,1"
3026400,80,"0,2"
3026500,60,"0,2"
3026600,54,"0,2"
3026700,54,"0,2"
3026800,40,"0,2"
3026900,36,"0,1"
3027000,36,"0,1"
3027100,54,"0,2"
3027200,36,"0,1"
3027300,36,"0,1"
3027400,36,"0,2"
3027500,60,"0,2"
3027600,65,"0,1"
3027700,70,"0,2"
3027800,65,"0,2"
3027900,70,"0,2"
3028000,70,"0,1"
3028100,54,"0,2"
3028200,30,"0,2"
3028300,90,"0,1"
3028400,36,"0,2"
3028501,80,"0,1"
3028502,80,"0,1"
3028600,30,"0,2"
3028700,80,"0,1"
3028800,36,"0,2"
3028900,65,"0,2"
3029000,70,"0,2"
3029100,60,"0,2"
3029200,70,"0,2"
3029300,80,"0,2"
3029400,70,"0,2"
3029500,80,"0,2"
3029600,94,"0,2"
3029700,33,"0,2"
3029800,94,"0,2"
3029900,30,"0,1"
3030000,94,"0,2"
3030100,80,"0,2"
3030200,80,"0,2"
3030300,80,"0,3"
3030400,80,"0,5"
3030500,50,"0,3"
3030600,17,"0,2"
3030700,80,"0,3"
3030800,54,"0,7"
3030900,50,"0,2"
3031100,54,"0,2"
3031300,60,"0,2"
3031401,80,"0,4"
3031500,60,"0,2"
3031701,60,"0,1"
3031702,7,"0,1"
3031900,60,"0,2"
3032100,60,"0,2"
3032300,50,"0,2"
3032500,70,"0,2"
3032600,0,"0,3"
3032700,70,"0,2"
3032800,3,"0,2"
3032900,54,"0,2"
3033000,3,"0,4"
3033100,54,"0,1"
3033300,36,"0,2"
3033500,36,"0,2"
3033600,3,"0,7"
3033701,65,"0,1"
3033702,65,"0,1"
3033900,65,"0,2"
3034000,3,"0,1"
3034100,60,"0,1"
3034200,3,"0,2"
3034300,65,"0,2"
3034500,80,"0,2"
3034700,80,"0,1"
3034800,40,"0,6"
3034901,80,"0,1"
3034902,50,"0,1"
3035000,40,"0,2"
3035101,80,"0,1"
3035102,80,"0,1"
3035200,80,1
3035301,40,"0,1"
3035302,40,"0,1"
3035400,80,"0,4"
3035500,13,"0,1"
3035601,80,"0,1"
3035602,80,"0,2"
3035701,50,"0,1"
3035900,80,"0,2"
3036001,80,"0,1"
3036002,80,"0,1"
3036100,80,"0,1"
3036200,80,"0,2"
3036300,80,"0,3"
3036400,80,"0,1"
3036501,80,"0,1"
3036502,80,"0,1"
3036600,80,"0,2"
3036700,80,"0,2"
3036900,80,"0,2"
3037000,0,"0,3"
3037100,80,"0,2"
3037300,80,"0,2"
3037401,0,"0,2"
3037402,17,"0,3"
3037500,94,"0,2"
3037700,80,"0,2"
3037900,80,"0,2"
3038100,70,"0,2"
3038200,54,"0,2"
3038300,60,"0,2"
3038500,80,"0,2"
3038600,54,"0,3"
3038700,94,"0,2"
3038800,23,"0,2"
3038900,80,"0,2"
3039000,36,"0,2"
3039100,17,"0,2"
3039200,7,"0,2"
3039300,65,"0,2"
3039400,36,"0,2"
3039500,94,"0,2"
3039600,23,"0,2"
3039700,94,"0,2"
3039800,23,"0,2"
3039900,94,"0,2"
3040000,70,"0,2"
3040100,80,"0,2"
3040200,70,"0,2"
3040300,80,"0,2"
3040400,60,"0,2"
3040500,80,"0,1"
3040600,70,"0,1"
3040800,70,"0,2"
3040900,20,"0,2"
3041000,23,"0,1"
3041100,26,"0,1"
3041200,0,"0,2"
3041300,65,"0,2"
3041401,0,"0,1"
3041402,7,"0,2"
3041500,36,"0,2"
3041600,7,"0,2"
3041700,94,"0,1"
3041800,7,"0,2"
3041900,100,"0,2"
3042000,23,"0,2"
3042100,100,"0,2"
3042200,0,"0,2"
3042300,17,"0,2"
3042400,0,"0,2"
3042500,17,"0,2"
3042600,30,"0,2"
3042700,17,"0,1"
3042800,60,"0,2"
3042900,70,"0,2"
3043000,50,"0,2"
3043100,90,"0,2"
3043200,60,"0,1"
3043300,94,"0,2"
3043400,23,"0,1"
3043500,36,"0,2"
3043600,60,"0,1"
3043700,65,"0,2"
3043800,23,"0,2"
3043900,65,"0,2"
3044000,60,"0,2"
3044100,54,"0,1"
3044200,23,"0,2"
3044300,90,"0,2"
3044400,60,"0,2"
3044500,23,"0,2"
3044600,60,"0,1"
3044700,26,"0,2"
3044800,60,"0,2"
3044901,23,"0,4"
3044902,36,"1,7"
3045000,60,"0,2"
3045200,23,"0,2"
3045300,17,"0,3"
3045400,23,"0,1"
3045600,36,"0,2"
3045800,54,"0,2"
3046000,40,"0,2"
3046201,60,"0,1"
3046202,60,"0,2"
3046400,60,"0,2"
3046800,60,"0,3"
3047000,60,"0,2"
3047200,70,"0,2"
3047400,70,"0,2"
3047600,70,"0,2"
3047700,54,"0,2"
3047800,94,"0,2"
3048000,90,"0,2"
3048100,20,"0,2"
3048200,80,"0,2"
3048400,80,"0,2"
3048500,33,"0,6"
3048600,94,"0,2"
3048800,70,"0,1"
3048900,33,"0,1"
3049000,80,"0,2"
3049100,40,"0,2"
3049200,80,"0,2"
3049301,8,"0,1"
3049302,26,"0,2"
3049400,70,"0,2"
3049500,36,"0,1"
3049600,70,"0,2"
3049700,54,"0,2"
3049800,30,"0,2"
3049900,54,"0,1"
3050001,30,"0,1"
3050002,13,"0,1"
3050100,54,"0,2"
3050202,13,"0,1"
3050300,36,"0,1"
3050401,36,"0,1"
3050402,36,"0,1"
3050500,40,"0,2"
3050600,70,"0,2"
3050700,80,"0,2"
3050801,94,"0,1"
3050803,70,"0,1"
3050804,70,"0,1"
3050900,36,"0,1"
3051001,70,"0,1"
3051002,94,"0,1"
3051100,40,"0,2"
3051200,36,"0,1"
3051300,36,"0,3"
3051400,80,"0,2"
3051500,54,"0,2"
3051601,26,"0,1"
3051602,80,"0,1"
3051700,54,"0,2"
3051800,40,"0,2"
3051900,54,"0,3"
3052000,40,"0,2"
3052300,20,"0,1"
3052500,40,"0,1"
3052600,36,"0,2"
3052700,54,"0,2"
3052800,40,"0,2"
3052900,54,"0,2"
3053000,40,"0,2"
3053101,36,"0,1"
3053102,36,"0,1"
3053200,54,"0,2"
3053300,54,"0,2"
3053400,54,"0,2"
3053500,30,"0,1"
3053700,54,"0,2"
3053800,23,"0,2"
3053900,30,"0,1"
3054200,23,"0,2"
3054400,23,"0,2"
3054500,30,"0,2"
3054600,23,"0,2"
3054700,30,"0,2"
3054800,23,"0,2"
3054900,40,"0,2"
3055000,0,"0,2"
3055100,20,"0,2"
3055200,0,"0,2"
3055300,20,"0,2"
3055400,36,"0,2"
3055500,20,"0,3"
3055600,7,"0,2"
3055700,54,"0,3"
3055800,7,"0,2"
3056000,0,"0,2"
3056100,54,"0,3"
3056200,23,"0,2"
3056301,0,"0,2"
3056302,0,"0,2"
3056400,23,"0,2"
3056500,54,"0,2"
3056600,50,"0,2"
3056800,23,"0,1"
3056900,54,"0,1"
3057000,30,"0,3"
3057100,54,"0,2"
3057200,13,"0,2"
3057300,54,"0,2"
3057400,50,"0,2"
3057500,54,"0,2"
3057600,13,"0,2"
3057800,13,"0,2"
3057901,54,"0,2"
3058000,23,"0,2"
3058200,7,"0,2"
3058400,23,"0,2"
3058600,23,"0,2"
3058800,0,"0,2"
3058901,13,"0,2"
3059000,13,"0,2"
3059100,54,"0,2"
3059200,13,"0,2"
3059300,13,"0,2"
3059402,13,"0,3"
3059403,13,"0,2"
3059404,13,"0,2"
3059600,0,"0,2"
3059800,0,"0,2"
3060000,0,"0,4"
3060600,0,"0,2"
3060800,54,"0,4"
3061002,54,"0,2"
3061003,17,"0,1"
3061004,54,"0,2"
3061200,54,"0,2"
3061600,54,"0,7"
3062000,54,"0,3"
3062200,0,"0,2"
3062600,13,"0,3"
3062800,36,"0,8"
3063200,36,"0,1"
3063600,54,"0,1"
3063800,54,"0,1"
3064000,23,"0,2"
3064200,23,"0,2"
3064400,23,"0,2"
3064600,23,"0,2"
3064800,23,"0,2"
3065000,54,"0,2"
3065200,54,"0,2"
3065400,54,"0,2"
3065600,54,"0,2"
3065800,54,"0,2"
3066000,40,"0,2"
3066200,40,"0,2"
3067000,17,"0,2"
3067200,17,"0,2"
3067400,17,"0,2"
3067600,0,"0,2"
3067800,0,"0,2"
3068000,0,"0,2"
3068200,17,"0,2"
3068600,33,"0,1"
3068800,33,"0,2"
3069000,20,"0,2"
3069200,0,"0,2"
3069601,0,"0,4"
3069602,20,"0,7"
3069800,33,"0,5"
3070000,0,"0,2"
3070201,20,1
3070601,20,"0,4"
3072000,0,"0,2"
3072200,0,"0,3"
3072400,0,"0,2"
3072600,6,"0,3"
3072800,0,"0,2"
3073000,0,"0,2"
3073200,0,"0,2"
3073400,0,"0,2"
3073600,0,"0,2"
3073800,23,"0,2"
3074000,0,"0,2"
3074200,17,"0,2"
3074400,0,"0,2"
3074600,23,"0,2"
3074800,0,"0,2"
3075000,17,"0,2"
3075200,17,"0,2"
3075400,0,"0,2"
3075600,23,"0,2"
3075800,23,"0,2"
3076000,23,"0,2"
3076200,54,"0,2"
3076400,17,"0,2"
3076600,17,"0,1"
3076800,23,"0,3"
3077000,26,"0,2"
3077200,17,"0,4"
3077400,26,"0,1"
3077600,6,"0,2"
3078000,8,"0,2"
3078200,8,"0,2"
3078400,8,"0,2"
3078601,26,"0,1"
3078602,8,"0,1"
3078801,26,"0,1"
3078802,6,"0,1"
3079001,80,"0,1"
3079002,80,"0,1"
3079201,80,"0,1"
3079202,60,"0,1"
3079400,70,"0,2"
3079601,70,"0,1"
3079602,94,"0,1"
3079801,70,"0,1"
3079802,70,"0,1"
3080000,70,"0,2"
3080200,70,"0,2"
3080400,60,"0,2"
3080600,23,"0,2"
3080800,60,"0,3"
3081000,60,"0,2"
3081400,50,"0,2"
3081600,60,"0,2"
3081800,60,"0,2"
3082000,50,"0,1"
3082200,70,"0,2"
3082400,13,"0,2"
3082600,70,"0,2"
3082800,60,"0,2"
3083000,20,"0,2"
3083200,20,"0,1"
3083400,20,"0,1"
3083600,6,"0,2"
3083800,0,"0,2"
3084000,0,"0,2"
3084600,9,"0,2"
3084800,9,"0,1"
3085000,15,"0,1"
3085400,20,"0,1"
3085600,13,"0,2"
3085800,50,"0,1"
3086000,33,"0,2"
3086200,33,"0,1"
3086400,54,"0,2"
3086600,54,"0,2"
3086800,33,"0,2"
3087000,6,"0,2"
3087200,33,"0,1"
3087401,50,"0,1"
3087600,54,"0,1"
3087800,26,"0,2"
3088001,36,"0,1"
3088002,54,"0,1"
3088200,33,"0,2"
3088400,33,"0,2"
3088600,54,"0,2"
3088800,40,"0,2"
3089000,80,"0,2"
3089200,80,"0,2"
3089400,80,"0,2"
3089600,80,"0,1"
3089800,80,"0,2"
3090000,80,"0,2"
3090200,80,"0,2"
3090600,80,"0,2"
3090800,80,"0,3"
3091000,80,"0,2"
3091200,80,"0,2"
3091600,80,"0,2"
3091800,80,"0,2"
3092000,80,"0,2"
3092200,80,"0,2"
3092400,80,"0,3"
3092800,80,"0,2"
3093000,20,"0,2"
3093200,0,"0,3"
3093400,20,"0,2"
3093600,20,"0,2"
3093800,9,"0,1"
3094401,20,"0,4"
3094402,0,"0,1"
3094600,20,"0,3"
3095000,9,"0,2"
3095400,70,"0,2"
3095600,70,"0,2"
3095800,70,"0,2"
3096000,70,"0,4"
3096200,70,"0,2"
3096400,70,"0,2"
3096600,70,"0,2"
3096800,70,"0,1"
3097000,70,"0,2"
3097400,70,"0,3"
3098200,70,"0,3"
3098400,70,"0,1"
3098600,70,"0,2"
3098800,70,"0,2"
3099000,70,"0,2"
3099200,70,"0,1"
3099400,70,"0,2"
3099600,70,"0,2"
3099800,0,"0,4"
3100400,0,"0,1"
3100600,0,"0,2"
3100800,0,"0,1"
3101000,6,"0,2"
3101200,6,"0,2"
3101400,6,"0,2"
3101600,6,"0,1"
3101800,70,"0,2"
3102000,6,"0,2"
3102200,6,"0,2"
3102400,6,"0,1"
3102600,0,"0,1"
3102801,6,"0,2"
3103401,6,"0,2"
3105801,33,"0,4"
3105804,70,"0,7"
3107001,33,"1,2"
3107800,40,"0,5"
3109800,80,"0,9"
3110400,54,"0,7"
3110600,30,"0,2"
3111000,54,"0,1"
3111600,54,"0,5"
3111800,36,"0,2"
3112000,36,"0,2"
3112200,60,"0,2"
3112400,60,"0,2"
3112600,54,"0,2"
3112800,50,"0,2"
3113000,50,"0,2"
3113200,80,"0,2"
3113400,23,"0,2"
3114201,80,"0,3"
3114202,54,"0,1"
3114400,80,"0,4"
3114600,50,"0,2"
3115000,6,"0,2"
3115200,26,"0,2"
3115600,54,"0,2"
3115800,54,"0,2"
3116000,26,"0,2"
3116200,54,"0,1"
3116400,90,"0,2"
3116600,60,"0,2"
3116800,94,"0,1"
3117000,94,"0,2"
3117201,50,"0,1"
3117202,50,"0,2"
3117400,94,"0,2"
3117601,50,"0,2"
3117602,7,"0,1"
3117800,60,"0,1"
3118201,7,"0,1"
3118202,50,"0,1"
3118400,60,"0,2"
3118600,30,"0,1"
3118800,36,"0,2"
3119000,70,"0,1"
3119200,94,"0,2"
3119400,65,"0,2"
3119600,70,"0,3"
3119800,65,"0,3"
3120000,33,"0,2"
3120200,40,"0,2"
3120801,33,"0,2"
3120802,33,"0,1"
3120803,54,"0,2"
3121000,54,"0,2"
3121400,30,"0,2"
3122000,60,"1,1"
3123700,40,"0,3"
3150200,60,"0,3"
3152200,36,"0,4"
4000101,30,"0,3"
4000102,30,"0,1"
4000103,30,"0,2"
4000104,65,"0,6"
4000200,50,"0,2"
4000400,50,"0,2"
4000600,60,"0,2"
4000701,30,"0,2"
4000702,30,"0,3"
4000800,60,"0,2"
4001000,50,"0,2"
4001200,80,"0,2"
4001400,80,"0,2"
4001600,60,"0,2"
4001800,60,"0,2"
4001901,30,"0,2"
4001902,80,"0,2"
4001903,50,"0,5"
4002000,60,"0,1"
4002200,30,"0,1"
4002400,80,"0,1"
4002500,50,"0,2"
4002600,80,"0,1"
4002800,60,"0,2"
4003000,23,"0,1"
4003100,80,"0,2"
4003200,30,"0,2"
4003301,80,"0,2"
4003302,7,"0,3"
4003400,60,"0,2"
4003600,65,"0,2"
4003700,50,"0,4"
4003800,36,"0,2"
4003900,10,"0,1"
4004001,36,"0,2"
4004002,54,"0,1"
4004200,36,"0,2"
4004300,10,"0,2"
4004401,36,"0,3"
4004500,90,"0,2"
4004700,54,"0,2"
4005100,54,"0,1"
4005200,36,"0,1"
4005300,90,"0,2"
4005400,36,"0,4"
4005500,80,"0,2"
4005700,54,"0,2"
4005800,40,"0,6"
4005900,90,"0,2"
4006100,90,"0,2"
4006201,54,"0,4"
4006202,54,"1,2"
4006300,90,"0,2"
4006501,54,"0,1"
4006502,60,"0,2"
4006900,40,"0,2"
4007100,90,"0,2"
4007300,90,"0,1"
4007500,90,"0,1"
4007700,80,"0,1"
4007900,90,"0,2"
4008100,40,"0,1"
4008300,40,"0,2"
4008500,10,"0,3"
4008600,54,"0,3"
4008700,40,"0,3"
4008800,60,"0,5"
4009100,40,"0,2"
4009400,50,"0,2"
4009500,60,"0,2"
4009600,23,"0,2"
4009700,50,"0,2"
4009800,54,"0,1"
4010000,23,"0,2"
4010100,23,"0,2"
4010200,54,"0,2"
4010300,23,"0,3"
4010400,54,"0,2"
4010500,23,"0,2"
4010600,70,"0,2"
4010701,50,"1,6"
4010800,50,"0,2"
4011000,50,"0,2"
4011100,50,"0,2"
4011200,50,"0,2"
4011300,50,"0,2"
4011400,30,"0,1"
4011500,50,"0,2"
4011600,30,"0,1"
4011700,26,"0,2"
4011800,30,"0,2"
4011900,9,"0,1"
4012000,60,"0,1"
4012100,54,"0,1"
4012200,65,"0,2"
4012301,60,"0,6"
4012400,36,"0,2"
4012500,60,"0,2"
4012601,60,"0,2"
4012602,60,"0,1"
4012800,80,"0,2"
4013000,80,"0,2"
4013200,17,"0,2"
4013400,80,"0,2"
4013500,54,"0,1"
4013600,65,"0,2"
4013700,65,"0,2"
4013800,54,"0,2"
4014000,65,"0,2"
4014100,65,"0,2"
4014201,65,"0,2"
4014202,65,"0,6"
4014300,40,"0,1"
4014400,80,"0,2"
4014500,40,"0,1"
4014700,40,"0,1"
4014800,60,"0,2"
4014900,40,"0,1"
4015000,60,"0,1"
4015100,40,"0,1"
4015200,50,"0,2"
4015300,40,"0,1"
4015400,60,"0,2"
4015500,54,"0,1"
4015600,60,"0,2"
4015700,54,"0,1"
4015801,50,"0,3"
4015802,70,"0,3"
4015900,54,"0,2"
4016100,40,"0,1"
4016300,0,"0,2"
4016400,54,"0,2"
4016600,70,"0,2"
4016800,70,"0,2"
4016900,23,"0,2"
4017000,70,"0,2"
4017200,70,"0,2"
4017400,70,"0,2"
4017600,94,"0,2"
4017800,94,"0,2"
4017901,80,"0,1"
4017902,80,"0,4"
4018000,90,"0,1"
4018101,80,"0,1"
4018102,80,"0,1"
4018200,90,"0,3"
4018300,80,"0,2"
4018401,65,"0,2"
4018402,60,"0,2"
4018501,40,"0,1"
4018502,40,"0,1"
4018600,60,"0,2"
4018700,36,"0,2"
4018800,94,"0,2"
4018900,40,"0,2"
4019000,65,"0,2"
4019200,94,"0,2"
4019400,94,"0,3"
4019600,15,"0,2"
4019800,26,"0,2"
4019901,65,"0,3"
4019902,65,"0,6"
4020200,50,"0,2"
4020400,26,"0,3"
4020500,36,"0,6"
4020600,50,"0,1"
4020800,30,"0,5"
4021200,17,"0,2"
4021400,54,"0,4"
4021601,94,"0,2"
4021602,54,"0,1"
4021900,13,"1,3"
4022001,94,"0,4"
4022002,40,"0,3"
4023000,40,"0,2"
4023200,40,"0,3"
4023501,36,"0,1"
4023502,40,"0,1"
4023600,40,"0,2"
4023800,30,"0,2"
4024000,13,"0,3"
4024300,54,"0,6"
4024500,40,"0,3"
4024600,33,"0,3"
4024700,54,"0,1"
4024900,60,"0,2"
4025100,54,"0,2"
4025301,23,"0,1"
4025302,54,"0,1"
4025401,33,"0,3"
4025402,33,"0,4"
4025500,80,"0,2"
4025700,80,"0,2"
4025800,30,"0,2"
4025900,80,"0,2"
4026000,33,"0,2"
4026100,80,"0,2"
4026200,33,"0,1"
4026300,80,"0,2"
4026400,30,"0,3"
4026501,23,"0,1"
4026502,23,"0,1"
4026600,20,"0,2"
4026700,70,"0,2"
4026901,17,"0,1"
4026902,65,"0,1"
4027000,33,"0,2"
4027101,65,"0,1"
4027102,33,0
4027200,65,"0,2"
4027301,80,"0,1"
4027302,80,"0,1"
4027400,80,"0,1"
4027500,80,"0,2"
4027600,30,"0,2"
4027701,30,"0,1"
4027702,13,"0,1"
4027800,60,"0,2"
4027900,30,"0,2"
4028000,17,"0,2"
4028100,30,"0,2"
4028200,26,"0,2"
4028300,0,"0,2"
4028400,20,"0,4"
4028500,7,"0,2"
4028700,0,"0,2"
4028801,65,"0,2"
4028802,20,"0,2"
4028803,65,"0,4"
4028900,80,"0,2"
4029100,80,"0,3"
4029300,80,"0,2"
4029400,20,"1,1"
4029500,0,"0,2"
4029700,80,"0,5"
4030600,33,"1,4"
4030903,50,"0,4"
4030904,80,"0,4"
4030905,80,"0,2"
4030906,80,"0,2"
4031700,54,"0,8"
4032000,23,"1,1"
4032700,50,"0,2"
4032800,23,"0,4"
4032900,50,"0,4"
4033000,23,"0,8"
4033401,50,"0,6"
4033403,26,"0,3"
4033404,26,"0,2"
4033405,26,"0,3"
4033700,13,"0,2"
4033900,13,"0,2"
4034700,40,"0,4"
4035100,13,"0,1"
4035200,50,"0,6"
4035300,10,"0,2"
4035700,0,"0,6"
4035800,50,"0,5"
4036100,30,"0,2"
4036300,10,"0,1"
4036500,30,"0,2"
4036600,50,"0,4"
4036700,8,"0,2"
4036800,26,"0,2"
4037100,0,"0,2"
4037300,10,"0,2"
4037501,17,"0,1"
4037502,80,"0,1"
4037600,50,"0,8"
4037700,36,"0,1"
4037900,36,"0,2"
4038100,10,"0,3"
4038301,70,"0,6"
4038400,36,"0,3"
4039400,50,"0,3"
4039800,17,"0,2"
4039901,8,"0,1"
4039902,6,"0,1"
4040000,17,"0,2"
4040101,8,"0,1"
4040102,15,"0,1"
4040200,17,"0,2"
4040301,15,"0,1"
4040302,15,"0,1"
4040400,26,"0,5"
4040501,26,"0,1"
4040502,26,"0,1"
4040701,26,"0,1"
4040702,36,"0,1"
4040901,26,"0,1"
4040902,36,"0,1"
4041100,70,"0,1"
4041300,17,"0,2"
4041400,30,"0,5"
4041500,15,"0,2"
4042400,20,"0,5"
4042600,26,"0,5"
4042700,8,"0,2"
4043200,20,"0,2"
4043400,20,"0,2"
4043701,8,"0,1"
4043702,20,"0,2"
4043900,10,"0,2"
4044000,30,"0,4"
4044301,8,"0,1"
4044302,70,"0,3"
4044400,40,"0,9"
4044601,40,"0,2"
4044602,40,"0,2"
4044800,40,"0,2"
4045000,17,"0,2"
4045200,17,"0,2"
4045400,17,"0,2"
4045500,70,"0,1"
4045600,17,"0,2"
4045700,70,"0,2"
4045800,30,"0,2"
4045900,70,"0,1"
4046000,40,"0,2"
4046100,70,"0,1"
4046200,30,"0,2"
4046300,70,"0,2"
4046400,23,"0,2"
4046500,17,"0,1"
4046600,30,"0,2"
4046700,94,"0,1"
4046800,30,"0,2"
4046901,65,"0,1"
4046902,33,"0,1"
4047000,40,"0,2"
4047100,94,"0,2"
4047200,54,"0,5"
4047300,94,"0,2"
4047500,60,"0,3"
4047600,54,"0,5"
4047801,54,"0,5"
4047802,17,"0,1"
4047900,80,"0,4"
4048000,40,"0,2"
4048100,70,"0,1"
4048200,40,"0,2"
4048301,70,"0,1"
4048302,54,"0,1"
4048400,17,"0,4"
4048500,70,"0,3"
4048900,80,"0,4"
4049201,23,"0,3"
4049202,0,"0,2"
4049301,17,"0,2"
4049302,17,"0,3"
4049500,0,"0,1"
4049600,0,"0,3"
4049700,17,"0,2"
4049900,65,"0,5"
4050000,23,"0,3"
4050201,6,"0,2"
4050202,6,"0,2"
4050400,6,"0,2"
4050500,30,"0,1"
4050600,6,"0,2"
4050700,0,"0,4"
4050800,0,"0,2"
4051000,0,"0,2"
4051100,36,"0,3"
4051200,7,"0,4"
4051300,17,"0,2"
4051500,36,"0,2"
4051600,7,"0,2"
4051700,36,"0,3"
4051800,7,"0,2"
4052000,7,"0,2"
4052100,30,"0,2"
4052200,9,"0,2"
4052400,9,"0,2"
4052500,13,"0,2"
4052600,23,"0,2"
4052800,23,"0,2"
4053000,7,"0,2"
4053100,13,"0,4"
4053200,7,"0,2"
4053401,10,"0,3"
4053501,40,"0,2"
4053601,30,"0,2"
4053800,26,"0,2"
4053901,54,"0,4"
4053902,54,"0,2"
4054000,40,"0,5"
4054200,26,"0,5"
4054500,54,"0,1"
4054700,60,"0,1"
4054800,9,"0,2"
4054900,54,"0,2"
4055100,15,"0,2"
4055200,54,"0,4"
4055300,33,"0,1"
4055400,20,"0,2"
4055500,65,"0,2"
4055600,20,"0,2"
4055700,15,"0,2"
4055800,20,"0,2"
4055900,20,"0,2"
4056000,20,"0,2"
4056200,26,"0,2"
4056400,26,"0,2"
4056500,20,"0,1"
4056600,26,"0,2"
4056700,15,"0,3"
4056800,40,"0,8"
4057700,6,"0,2"
4057900,0,"0,1"
4058000,26,"0,5"
4058100,6,"0,1"
4058200,26,"0,6"
4058300,15,"0,1"
4058500,6,"0,2"
4058700,40,"0,1"
4058900,54,"0,2"
4059000,6,"0,2"
4059100,54,"0,2"
4059200,6,"0,2"
4059300,50,"0,3"
4059400,6,"0,2"
4059501,50,"0,2"
4059502,50,"0,2"
4059600,6,"0,2"
4059800,10,"0,2"
4059900,30,"0,1"
4060000,6,"0,2"
4060100,50,"0,2"
4060300,50,"0,2"
4060600,15,"0,2"
4060800,10,"0,2"
4061000,40,"0,2"
4061200,15,"0,3"
4061301,40,"0,7"
4061400,20,"0,3"
4061601,33,"0,4"
4061602,33,"0,4"
4061800,33,"0,2"
4061900,60,"0,2"
4062000,33,"0,2"
4062100,60,"0,3"
4062200,15,"0,4"
4062300,50,"0,2"
4062500,40,"0,2"
4062600,50,"0,4"
4062700,40,"0,2"
4062900,0,"0,2"
4063000,26,"0,2"
4063200,33,"0,3"
4063301,30,"0,1"
4063302,60,"0,1"
4063500,30,"0,2"
4063700,70,"0,7"
4063800,33,"0,7"
4063900,70,"0,2"
4064101,30,"0,1"
4064500,80,"0,3"
4064600,23,"0,4"
4065000,0,"0,4"
4065401,40,"0,4"
4065402,40,"0,3"
4065600,40,"0,6"
4065702,60,"0,1"
4065703,13,"0,3"
4065900,60,"0,2"
4066000,33,"0,4"
4066100,23,"0,1"
4066301,0,"0,3"
4066302,0,"0,2"
4066401,40,"1,1"
4066402,40,"0,4"
4066403,6,"0,4"
4066501,60,"0,3"
4066701,50,"0,3"
4066900,0,"0,2"
4067100,0,"0,2"
4067700,13,"0,2"
4067900,70,"0,3"
4068000,40,"0,8"
4068200,23,"0,2"
4068300,94,"0,2"
4068700,65,"0,3"
4069000,26,"0,3"
4069300,36,"0,1"
4069400,40,"0,5"
4069500,54,"0,2"
4069701,54,"0,1"
4069702,54,"0,4"
4070300,70,"0,2"
4070700,60,"0,2"
4070900,60,"0,2"
4071100,94,"0,4"
4071303,90,"0,1"
4071304,13,"0,2"
4071305,90,"0,1"
4071306,60,"0,2"
4071701,13,"0,2"
4071702,80,"0,2"
4071900,36,"0,2"
4072100,36,"0,2"
4072300,70,"0,5"
4072900,70,"0,2"
4073100,70,"0,2"
4073700,94,"0,2"
4073900,94,"0,2"
4074100,36,"0,2"
4074300,80,"0,2"
4074500,36,"0,2"
4074700,80,"0,3"
4074900,80,"0,4"
4075701,94,"0,2"
4075702,94,"0,4"
4076901,94,"0,2"
4076902,94,"0,1"
4077300,80,"0,3"
4077500,65,"0,2"
4077902,70,"0,6"
4077903,40,"0,3"
4077904,36,"0,4"
4077905,40,"0,3"
4077906,70,"0,3"
4077907,40,"0,2"
4077908,36,"0,2"
4078800,15,"0,2"
4079000,54,"0,3"
4079200,26,"0,4"
4079701,94,"0,1"
4079702,94,"0,3"
4079900,94,"0,3"
4080301,80,"0,3"
4080302,80,"0,4"
4080900,70,1
4081400,54,"0,4"
4081800,54,"0,4"
4083700,94,"0,8"
4083800,54,"0,5"
4084000,70,"0,6"
4084500,94,"0,2"
4084601,54,"0,3"
4084602,60,"0,7"
4084901,80,"0,2"
4084902,80,"0,1"
4085300,80,"0,2"
4085500,80,"0,1"
4085700,80,"0,1"
4085900,94,"0,1"
4086100,94,"0,1"
4086300,65,"0,1"
4086400,54,"1,1"
4086500,60,"0,2"
4086900,70,"0,6"
4087100,70,"0,4"
4088400,60,"1,5"
4088902,60,"0,3"
4088903,70,"0,4"
4089201,13,"1,8"
4090700,70,2
4091603,23,"1,9"
4091900,23,"0,5"
4092200,23,"0,6"
4092500,54,"0,3"
4092800,23,"0,8"
4092900,54,1
4093401,23,"0,5"
4093402,54,"0,4"
4093800,17,"0,8"
4093900,40,"0,7"
4094201,17,"0,3"
4094202,36,"0,7"
4094203,36,"0,5"
4094500,70,"1,5"
4094700,54,"0,3"
4095400,26,"0,8"
4096400,26,"0,9"
4097202,17,"0,6"
4097204,17,"0,4"
4097205,17,"0,2"
4097206,10,"0,3"
4097300,80,"0,5"
4098100,80,"0,6"
4098700,80,"0,7"
4099100,70,"1,1"
4099200,65,"0,6"
4099701,90,1
4099703,94,"0,6"
4099704,94,"0,7"
4099705,80,"0,4"
4099801,65,"0,5"
4099802,20,"0,4"
4100801,30,"0,6"
4100803,94,"0,3"
4100804,65,"0,7"
4101002,70,"0,5"
4101003,94,"0,2"
4101004,65,"0,6"
4101700,90,1
4102900,94,"0,5"
4103201,94,"0,4"
4103202,70,"0,7"
4103300,94,"0,6"
4103900,30,"0,9"
4104700,70,"0,8"
4105900,80,"0,7"
4107201,40,"1,4"
4108500,90,"0,4"
4109300,94,"1,1"
4109700,90,"0,4"
4109900,60,"0,4"
4111300,100,"0,7"
4112300,100,"0,3"
4112900,100,"0,4"
4113300,90,"0,3"
4113900,90,"0,4"
4114100,80,"0,4"
4114700,80,"0,3"
4115100,80,"0,3"
4115500,65,"0,2"
4115700,65,"0,3"
4115900,40,"0,3"
4116100,60,"0,2"
4116301,40,"0,1"
4116302,65,"0,1"
4116700,65,"0,2"
4117100,70,"0,4"
4117500,90,"0,6"
4118100,100,"0,2"
4118500,70,"0,2"
4118700,30,"0,2"
4118900,94,"0,2"
4119100,70,"0,2"
4119300,23,"0,2"
4119500,23,"0,2"
4119900,94,"0,2"
4120100,94,"0,2"
4120300,94,"0,2"
4120500,94,"0,2"
4120701,94,"0,4"
4120702,23,"0,3"
4121500,94,"0,6"
4122300,70,"0,5"
4122702,70,"0,4"
4122703,70,"0,4"
4122704,50,"0,3"
4124100,50,"0,5"
4124700,0,"0,5"
4125700,13,"0,3"
4126500,36,"0,2"
4126700,36,"0,8"
4127700,54,"1,1"
4129102,54,1
4129103,17,"0,5"
4129104,54,"0,7"
4130100,54,"0,7"
4133300,54,"0,7"
4133900,54,"0,2"
4134100,65,"0,6"
4134701,40,"0,5"
4134702,40,"0,6"
4136700,23,"0,8"
4137700,54,"0,8"
4138501,40,1
4139900,60,"0,4"
4140300,54,"0,4"
4140901,17,"0,2"
4140902,17,"0,5"
4141700,94,"0,9"
4142900,90,"0,5"
4143500,54,"0,4"
4144100,90,"0,3"
4144700,90,"0,4"
4145101,90,"0,3"
4145102,80,"0,3"
4145900,90,"0,4"
4146300,90,"0,3"
4146700,100,"0,4"
4147100,100,"0,4"
4147900,65,"0,9"
4148300,65,"1,3"
4150701,94,"0,9"
4150702,94,"0,8"
4152901,70,"1,4"
4152902,70,1
4155101,90,"0,5"
4155103,90,"0,7"
4155104,90,"0,7"
4156700,60,"1,5"
4157101,90,"1,2"
4157102,60,"0,3"
4157901,36,"0,9"
4157902,90,"0,7"
4157903,60,"0,7"
4161700,54,"0,7"
4162100,60,"0,7"
5000300,17,"0,4"
5000600,26,"0,7"
5000700,17,"0,5"
5000800,26,"0,8"
5000900,17,"0,2"
5001100,17,"0,3"
5001700,17,"0,3"
5001800,17,"0,9"
5002001,17,"0,5"
5002002,70,"0,8"
5002100,17,"0,9"
5002700,6,"0,3"
5002900,54,"0,5"
5003300,40,"0,9"
5003600,17,"0,4"
5003900,36,"0,6"
5004001,26,"0,3"
5004002,26,"0,3"
5004003,26,"0,2"
5004004,17,"0,4"
5004700,60,"0,9"
5005000,90,"0,8"
5005901,54,"0,9"
5005902,7,"0,4"
5006400,70,"0,7"
5006700,9,1
5007001,70,"0,5"
5007002,20,"2,2"
5007400,0,"0,5"
5007500,17,"0,5"
5007700,17,"0,2"
5008100,9,"0,8"
5009601,80,"0,8"
5009602,36,"0,6"
5009701,7,"0,7"
5010500,7,"0,8"
5011201,20,"1,6"
5011203,36,1
5011401,36,"0,5"
5011402,40,"0,6"
5012100,7,"0,7"
5012200,65,"0,8"
5012500,9,"0,5"
5012804,26,"0,9"
5012805,80,1
5012806,65,"1,3"
5013201,80,"0,5"
5013203,65,1
5013204,80,1
5013301,0,"0,1"
5013302,10,"0,9"
5013400,80,"0,9"
5013800,80,"1,4"
5014100,4,"0,3"
5014604,36,"1,1"
5014605,65,"0,9"
5014606,80,"1,8"
5014607,36,"0,7"
5014608,0,"0,4"
5014700,54,"1,7"
5015100,54,1
5015601,36,"1,4"
5015602,26,"0,9"
5015603,65,"0,9"
5016901,54,"0,8"
5017005,80,"1,4"
5017007,50,"1,5"
5017009,50,"1,2"
5017011,36,"0,7"
5017012,40,"0,9"
5017013,50,"0,6"
5017014,60,"0,6"
5017015,50,"0,5"
5017016,50,"0,7"
5017300,36,"0,3"
5017600,80,"3,3"
5017701,90,"2,9"
5017702,80,"0,6"
5018100,70,"5,2"
5018701,54,"0,4"
5018703,54,"0,5"
5018704,54,"0,5"
5018901,54,"1,1"
5018902,23,"0,8"
5019700,17,"0,3"
5019800,90,"5,7"
5020100,33,"0,6"
5020701,26,"0,4"
5020702,15,"0,5"
5020803,70,"2,1"
5020804,54,"1,3"
5020805,70,"1,1"
5020806,50,"1,5"
5021300,26,"0,8"
5022300,26,"0,7"
5022601,70,"1,7"
5022602,54,"6,3"
5023100,20,"0,6"
5023900,26,"0,5"
5024401,70,"2,1"
5024402,70,"1,8"
5024700,36,"0,5"
5024800,65,"1,6"
5025100,54,"1,2"
5027301,54,3
5027302,70,1
5027702,65,"1,5"
5027704,65,"0,5"
5027705,33,"0,5"
5027706,40,"0,4"
5027900,70,"5,4"
5029102,40,"9,9"
5029104,54,"1,5"
5029105,54,"1,6"
5029106,54,"0,4"
5030301,40,"0,7"
5030302,33,"0,9"
5031901,20,"0,4"
5031902,20,"0,7"
5032300,33,"3,9"