BoroCT2020,ScoreBaseSimilarPeopleFamilies,WeightForAggregation
1000201,30,2012
1000202,25,7266
1000600,17,11616
1000700,8,10542
1000800,13,10871
1000900,20,2016
1001001,30,1767
1001002,70,6300
1001200,25,3776
1001300,8,5402
1001401,50,3543
1001402,8,3418
1001501,8,8385
1001502,8,10378
1001600,9,7698
1001800,8,7934
1002000,50,4648
1002100,85,7811
1002201,10,6969
1002202,7,2488
1002400,65,4518
1002500,30,4630
1002601,13,3609
1002602,8,4816
1002700,9,1370
1002800,10,6819
1002901,1,1096
1002902,9,4359
1003001,5,4663
1003002,5,3035
1003100,6,2989
1003200,4,8372
1003300,65,6458
1003400,5,7012
1003601,8,3513
1003602,4,3000
1003700,13,3092
1003800,3,9070
1003900,70,7036
1004001,3,3743
1004002,3,5090
1004100,7,7523
1004200,3,5216
1004300,5,4158
1004400,8,17222
1004500,25,1093
1004700,8,2644
1004800,6,6955
1004900,7,4777
1005000,8,5223
1005200,10,3808
1005400,8,4909
1005501,17,4564
1005502,10,1956
1005600,13,4281
1005700,10,2998
1005800,8,5109
1005900,8,5707
1006000,65,5290
1006100,8,5494
1006200,9,3686
1006300,8,6707
1006400,6,8744
1006500,4,6721
1006600,6,12341
1006700,4,5547
1006800,4,7706
1006900,13,2799
1007001,7,4550
1007002,6,4865
1007100,6,5851
1007200,6,9358
1007300,4,6180
1007400,4,5698
1007500,9,4000
1007600,6,2921
1007700,7,6192
1007800,8,9109
1007900,9,4442
1008000,6,5906
1008100,7,7853
1008200,6,3414
1008300,9,3853
1008400,4,1985
1008601,9,4853
1008603,8,5347
1008700,8,6510
1008800,7,8852
1008900,8,5957
1009000,7,8830
1009100,7,7362
1009200,5,1866
1009300,8,9325
1009400,9,109
1009500,6,3892
1009600,2,608
1009700,8,5071
1009800,7,8078
1009901,13,2093
1009902,8,3848
1009903,7,2380
1010000,6,2170
1010100,9,2596
1010200,8,283
1010300,4,4095
1010400,6,983
1010601,8,8256
1010602,30,5489
1010801,9,3297
1010802,9,3805
1010803,10,2696
1010900,4,407
1011000,10,7671
1011100,4,6138
1011201,6,1233
1011202,7,500
1011203,9,1420
1011300,3,216
1011401,13,1361
1011402,10,2620
1011500,7,3863
1011600,8,3263
1011700,8,5256
1011800,13,9688
1011900,17,1666
1012000,17,3905
1012101,3,3408
1012102,4,5236
1012200,9,3425
1012400,13,10845
1012500,4,2901
1012601,13,7437
1012602,17,6400
1012700,4,7282
1012800,30,6545
1012901,10,7959
1012902,7,3144
1013000,13,3911
1013100,7,3962
1013201,13,3146
1013202,20,4237
1013203,9,3747
1013300,5,6782
1013400,13,11882
1013501,9,5504
1013502,9,6358
1013601,17,1962
1013602,20,5070
1013603,20,4387
1013604,9,5057
1013700,8,7308
1013800,10,13109
1013900,4,9988
1014000,40,8050
1014200,30,4463
1014401,13,5040
1014402,17,7151
1014500,9,7532
1014601,10,4481
1014602,13,9061
1014700,40,2987
1014801,50,3221
1014802,25,7494
1014900,20,6351
1015001,30,2321
1015002,30,5642
1015101,40,3756
1015102,60,8254
1015200,30,7730
1015301,13,3684
1015302,20,6032
1015401,9,5189
1015402,10,4503
1015403,30,5738
1015501,13,5091
1015502,25,5759
1015601,9,5568
1015602,40,2154
1015700,9,11197
1015801,25,5600
1015802,8,4516
1015900,20,10054
1016001,40,3852
1016002,13,3607
1016100,13,6617
1016200,40,9033
1016300,20,7292
1016400,70,7371
1016500,25,6659
1016600,30,7012
1016700,50,7210
1016800,40,4964
1016900,17,8526
1017000,25,7991
1017100,25,9694
1017200,50,5441
1017300,20,8699
1017401,60,5449
1017402,20,2276
1017500,17,11110
1017700,20,9382
1017800,25,3860
1017900,13,9103
1018000,65,7429
1018100,17,8941
1018200,65,7675
1018300,10,8534
1018400,70,7820
1018500,10,5243
1018600,65,5127
1018700,25,9383
1018800,60,5697
1018900,20,11556
1019000,65,3679
1019100,10,9005
1019200,80,3971
1019300,10,8736
1019400,60,6978
1019500,9,7828
1019600,13,4031
1019701,9,1278
1019702,17,2601
1019800,13,2370
1019900,8,9598
1020000,10,2855
1020101,6,1863
1020102,25,4077
1020300,2,3874
1020500,7,5023
1020600,30,3628
1020701,5,3035
1020800,25,5255
1020901,60,3665
1021000,60,6748
1021100,10,10529
1021200,10,4899
1021303,17,5583
1021400,8,3075
1021500,65,3856
1021600,30,8567
1021703,3,545
1021800,25,6530
1021900,75,5696
1022000,50,6114
1022102,20,2382
1022200,25,3293
1022301,17,7258
1022302,13,3101
1022400,75,7346
1022500,25,9895
1022600,30,4890
1022700,17,5387
1022800,25,5961
1022900,17,7975
1023000,40,9111
1023100,17,6273
1023200,75,8061
1023300,13,6368
1023400,50,5112
1023501,25,6720
1023502,50,2206
1023600,30,9907
1023700,17,6792
1023802,25,4791
1023803,8,3625
1023804,30,3306
1023900,25,2675
1024100,13,7612
1024200,90,4448
1024301,25,3993
1024302,90,7237
1024500,20,13385
1024700,13,6521
1024900,13,1084
1025100,17,2287
1025300,17,10081
1025500,8,5697
1025700,50,4270
1025900,65,4029
1026100,30,10733
1026300,17,7969
1026500,13,6850
1026700,20,2083
1026900,20,7848
1027100,20,7623
1027300,17,6519
1027500,20,3063
1027700,25,6423
1027900,25,10019
1028100,50,3108
1028300,20,7740
1028500,30,6794
1028700,20,3772
1029100,40,10509
1029300,40,8035
1029500,20,7039
1029900,40,3598
1030300,17,3691
1030700,17,3427
1030900,65,8594
1031703,90,5847
1031704,50,10422
2000100,0,3772
2000200,70,4779
2000400,65,6272
2001600,65,5795
2001901,80,2292
2001902,40,1613
2001903,0,2
2002001,90,5007
2002002,80,4584
2002300,90,4742
2002500,90,5442
2002701,90,3080
2002702,91,4995
2002800,30,5853
2003100,91,2964
2003300,90,3689
2003500,85,3726
2003700,85,340
2003800,91,1683
2003900,80,6345
2004001,65,1739
2004100,90,6146
2004200,70,7201
2004300,90,5883
2004400,80,4642
2004600,90,1976
2004800,90,4184
2005001,90,4960
2005002,90,6518
2005100,90,6459
2005200,85,2130
2005300,91,4371
2005400,90,6804
2005600,85,2863
2005902,50,2577
2006000,80,1262
2006100,13,3444
2006200,90,6769
2006301,75,6567
2006400,75,4186
2006500,90,6251
2006700,90,6893
2006800,90,3419
2006900,90,6964
2007000,80,5021
2007100,80,2789
2007200,80,6291
2007300,90,4205
2007400,60,3536
2007500,90,6749
2007600,85,5682
2007700,85,1974
2007800,85,7037
2007900,90,6826
2008300,90,6122
2008400,75,2587
2008500,90,5894
2008600,85,4145
2008700,90,5976
2008900,75,3118
2009000,90,3911
2009200,85,6271
2009301,90,5551
2009302,3,512
2009600,70,2946
2009800,65,5903
2011502,91,4396
2011701,90,1554
2011800,17,5324
2011900,85,5703
2012101,85,3319
2012102,90,1616
2012300,90,4766
2012500,90,4139
2012701,75,2184
2012901,90,4923
2013000,40,1198
2013100,90,5390
2013200,50,6652
2013300,85,6064
2013500,85,4001
2013800,50,3060
2014100,90,7344
2014300,90,1898
2014400,85,6046
2014500,90,7055
2014701,91,6361
2014702,91,5081
2014900,80,4723
2015100,90,5957
2015200,60,2593
2015300,80,4258
2015500,70,2891
2015700,90,5542
2015800,40,1442
2015900,85,2481
2016000,40,4003
2016100,80,5243
2016200,50,1908
2016400,40,1221
2016500,80,1097
2016600,65,2625
2016700,91,3373
2016900,90,1586
2017300,90,6395
2017500,90,6988
2017701,90,4754
2017702,85,4979
2017901,90,5124
2017902,90,3447
2018101,85,3299
2018102,80,5510
2018301,30,4423
2018302,80,3686
2018400,60,4329
2018501,90,3076
2018502,90,6442
2018900,80,8360
2019300,90,6020
2019400,65,2022
2019500,75,7509
2019700,90,7213
2019900,85,7909
2020000,90,5235
2020100,85,4345
2020200,90,2789
2020400,80,3129
2020501,85,7859
2020502,65,2462
2020601,70,3277
2020900,80,4823
2021001,50,8946
2021002,65,7855
2021100,90,5822
2021200,65,6596
2021301,80,1264
2021302,85,5830
2021501,90,4078
2021502,90,6360
2021601,90,4701
2021602,60,6237
2021700,75,5006
2021800,80,6610
2021900,60,1176
2022000,85,2511
2022101,90,4001
2022102,90,5457
2022200,85,3968
2022300,75,5063
2022401,65,2787
2022403,65,3275
2022404,65,4489
2022500,90,8141
2022701,90,5669
2022702,80,1634
2022703,70,1699
2022800,70,6336
2022901,90,5766
2022902,90,3401
2023000,90,3001
2023100,85,1464
2023200,85,3000
2023301,75,4577
2023302,85,3574
2023501,85,3570
2023502,70,4417
2023600,85,2204
2023702,65,1179
2023703,90,5086
2023704,90,3970
2023800,85,2750
2023900,90,8213
2024000,90,4583
2024100,90,6331
2024300,75,5577
2024400,70,2407
2024501,85,5059
2024502,90,3797
2024600,65,2297
2024700,75,1921
2024800,40,3620
2024900,97,4
2025000,50,2672
2025100,85,6924
2025200,65,2682
2025300,80,6234
2025400,50,2163
2025500,65,8092
2025600,50,1908
2025700,50,1809
2026100,10,2060
2026300,60,6788
2026400,50,5693
2026500,80,7166
2026601,40,3328
2026602,65,6409
2026701,85,3983
2026702,75,7022
2026900,65,4126
2027300,70,7939
2027401,50,5136
2027402,25,3553
2027700,70,4968
2027900,60,8145
2028100,13,3720
2028300,70,2084
2028400,17,297
2028500,25,3440
2028600,75,1395
2028700,80,3953
2028800,25,3055
2028900,60,4736
2029301,8,1954
2029302,17,5248
2029500,50,4615
2029600,10,2878
2029700,40,4005
2030000,60,6591
2030100,17,1627
2030201,25,4048
2030202,25,6063
2030701,60,5799
2030900,17,3947
2031000,25,4372
2031200,40,1555
2031400,50,2071
2031600,60,2071
2031800,30,1961
2031900,2,454
2032300,13,5001
2032400,75,3113
2032600,50,3494
2032800,80,4133
2033000,75,5837
2033201,60,4103
2033202,50,4204
2033500,25,4339
2033601,70,4306
2033602,70,1555
2033700,50,3838
2033801,85,2337
2033802,85,1737
2034000,70,4858
2034200,65,1732
2034300,60,1706
2034400,65,1930
2034500,25,3754
2034800,75,6640
2035000,80,2284
2035100,17,3539
2035600,60,2261
2035800,60,7542
2035900,90,3731
2036000,40,3024
2036100,70,5569
2036300,90,7074
2036400,60,2603
2036501,90,3897
2036502,90,2449
2036700,91,2672
2036800,85,2165
2036901,90,1910
2036902,90,2324
2037000,70,2536
2037100,75,4504
2037200,70,2289
2037300,90,6117
2037400,90,3890
2037504,90,4023
2037600,60,2274
2037800,75,3569
2037900,91,6878
2038000,75,4938
2038100,85,6853
2038200,75,2852
2038301,80,4635
2038303,90,3468
2038304,91,2508
2038500,90,5362
2038600,80,7949
2038700,90,3401
2038800,85,2941
2038900,80,4819
2039000,85,3323
2039100,90,7210
2039200,70,1809
2039300,90,8033
2039400,75,4647
2039500,85,4254
2039600,80,4485
2039700,5,4492
2039800,80,3347
2039901,80,5254
2039902,90,5548
2040100,85,5009
2040302,85,4197
2040303,70,4843
2040304,85,4125
2040400,70,3530
2040501,85,4385
2040502,85,7320
2040600,75,3792
2040701,70,3235
2040702,60,6968
2040800,85,4475
2040900,40,3580
2041100,75,3215
2041300,70,7781
2041400,60,5342
2041500,70,5872
2041800,50,3752
2041900,80,7205
2042000,80,3905
2042100,75,6135
2042200,65,3211
2042300,90,4179
2042400,60,2553
2042500,90,7667
2042600,60,6982
2042800,60,2230
2042901,85,3711
2042902,75,4334
2043000,50,2952
2043101,85,5185
2043102,65,5050
2043400,70,3649
2043501,91,1192
2043600,60,2061
2044200,70,3877
2044400,60,3984
2044800,40,2007
2044901,40,1946
2044902,20,2229
2045101,17,1817
2045102,40,2142
2045600,60,3056
2045800,90,5662
2046000,60,2890
2046203,10,6599
2046204,20,5552
2046205,17,4445
2046206,25,4434
2046207,17,6228
2046208,50,5155
2046209,90,3707
2048401,65,3888
2048402,65,41
2051601,20,4445
3000100,25,4616
3000200,75,1205
3000301,30,3850
3000501,9,4404
3000502,9,2640
3000700,50,4415
3000900,20,5167
3001100,8,1578
3001300,8,2465
3001501,30,5161
3001502,8,5801
3001801,0,2563
3001802,93,6
3001803,85,16
3002000,75,1694
3002100,60,5975
3002200,65,4589
3002300,70,3940
3002901,70,3149
3003000,50,1811
3003101,8,3395
3003300,17,4807
3003400,60,3489
3003500,10,2402
3003600,25,3959
3003700,9,4565
3003800,40,1529
3003900,17,2644
3004100,17,3398
3004300,25,3810
3004400,50,2448
3004500,30,3476
3004600,60,1154
3004700,80,1951
3004900,50,2412
3005000,40,2535
3005100,85,2658
3005201,10,1879
3005202,17,2668
3005301,60,2164
3005302,13,86
3005400,20,3426
3005601,17,2692
3005602,17,1734
3005800,40,3450
3005900,25,1742
3006000,60,2876
3006200,40,2958
3006300,75,2007
3006400,40,3623
3006500,65,5461
3006600,50,3974
3006700,80,3618
3006800,80,5491
3006901,25,1631
3006902,50,1962
3007000,30,2454
3007100,70,4362
3007200,80,2082
3007400,90,5829
3007500,50,4691
3007600,70,4872
3007700,50,5690
3007800,70,5333
3008000,65,4024
3008200,65,4008
3008400,65,3311
3008500,85,6673
3008800,65,3258
3009001,90,1886
3009002,90,1391
3009201,75,2087
3009202,80,3424
3009401,85,3127
3009402,90,3168
3009600,75,6462
3009800,90,7440
3010000,85,7741
3010100,65,4590
3010200,90,6578
3010401,85,3015
3010402,85,2965
3010601,80,3037
3010602,75,2820
3010801,90,2876
3010802,70,2840
3011000,91,2709
3011200,91,6636
3011400,90,4150
3011600,90,5529
3011700,20,2672
3011800,75,2578
3011901,17,1589
3012000,85,1176
3012100,20,1916
3012200,80,5521
3012600,75,3085
3012700,30,4036
3012801,75,2567
3012901,17,2333
3012902,20,3318
3013000,70,5347
3013100,25,3979
3013200,80,2870
3013300,60,4411
3013400,65,4212
3013500,75,3799
3013600,60,4079
3013700,40,3406
3013800,25,3247
3013900,25,3727
3014000,50,2136
3014101,75,1621
3014102,40,1858
3014200,40,3434
3014300,30,3705
3014500,20,4404
3014700,70,2242
3014800,30,1244
3014901,50,1529
3014902,40,3601
3015000,65,1791
3015100,70,3696
3015200,40,2545
3015300,65,2633
3015500,75,3466
3015700,60,4447
3015900,25,5206
3016000,65,4462
3016100,25,3450
3016200,25,2218
3016300,40,4088
3016400,91,775
3016500,65,5080
3016600,60,1968
3016700,70,4754
3016800,50,1695
3016900,40,4459
3017000,65,3604
3017100,70,3717
3017200,65,3300
3017400,65,1950
3017600,50,2418
3017800,65,2959
3017900,20,3895
3018000,70,3125
3018100,17,4204
3018200,70,3745
3018300,40,2784
3018400,40,2460
3018501,85,4461
3018600,50,2364
3018700,25,1336
3018800,40,2955
3019000,70,4853
3019100,30,3427
3019200,91,3541
3019300,8,6279
3019400,65,3570
3019500,17,3684
3019600,65,4691
3019700,25,3585
3019800,65,2061
3019900,13,3978
3020000,75,2442
3020100,20,3862
3020200,65,2147
3020300,30,2132
3020400,70,2040
3020500,30,3405
3020600,65,2505
3020700,25,4871
3020800,75,3782
3021000,70,4488
3021100,30,2505
3021200,70,5278
3021300,13,3880
3021400,91,2502
3021500,17,5569
3021600,92,4280
3021700,20,4351
3021800,92,4191
3021900,9,4225
3022000,92,5660
3022100,8,3897
3022200,92,5633
3022400,92,6117
3022600,92,2664
3022700,17,4515
3022800,92,3638
3022900,17,3923
3023000,92,4442
3023100,13,3832
3023200,93,6382
3023300,80,5961
3023400,93,5923
3023500,92,5921
3023600,93,6548
3023800,92,5414
3024000,92,5165
3024100,65,3175
3024200,92,3289
3024300,13,4347
3024400,92,3651
3024500,17,4257
3024600,90,3436
3024700,30,2820
3024800,75,2647
3024900,20,4264
3025000,40,1748
3025100,40,4209
3025200,60,5300
3025300,30,3517
3025400,65,3650
3025500,75,4799
3025600,60,3366
3025700,90,2822
3025800,70,5073
3025901,70,2328
3025902,90,3560
3026000,50,3656
3026100,25,6479
3026200,60,2726
3026300,25,2088
3026400,75,5103
3026500,30,4385
3026600,50,3961
3026700,9,4228
3026800,65,4686
3026900,13,3005
3027000,60,2719
3027100,40,3493
3027200,75,3633
3027300,20,3131
3027400,70,3272
3027500,17,4071
3027600,70,3886
3027700,70,4351
3027800,65,3542
3027900,25,3674
3028000,50,1862
3028100,40,4800
3028200,65,3282
3028300,65,3933
3028400,70,4396
3028501,8,636
3028502,70,2658
3028600,90,6094
3028700,25,3103
3028800,60,3900
3028900,30,3933
3029000,75,4377
3029100,17,3042
3029200,60,2781
3029300,30,3402
3029400,20,2298
3029500,13,3851
3029600,60,5993
3029700,40,3921
3029800,65,3955
3029900,60,2496
3030000,65,4224
3030100,40,2970
3030200,60,4391
3030300,80,4952
3030400,65,4686
3030500,13,7249
3030600,60,2215
3030700,80,5625
3030800,30,2314
3030900,75,2209
3031100,20,3191
3031300,13,5109
3031401,30,5142
3031500,10,5613
3031701,10,3999
3031702,13,3714
3031900,65,3452
3032100,40,5488
3032300,17,3509
3032500,30,6218
3032600,85,7075
3032700,13,3074
3032800,60,3090
3032900,60,5707
3033000,90,4423
3033100,90,4217
3033300,91,4503
3033500,85,3231
3033600,60,4765
3033701,75,2510
3033702,90,2116
3033900,40,4676
3034000,20,1958
3034100,9,2685
3034200,65,7060
3034300,75,5024
3034500,40,2738
3034700,60,3645
3034800,90,2828
3034901,70,2067
3034902,30,3347
3035000,8,3082
3035101,50,2243
3035102,85,2626
3035200,6,1367
3035301,25,2566
3035302,80,2811
3035400,10,5493
3035500,65,5192
3035601,8,2902
3035602,10,5474
3035701,70,2322
3035900,75,5617
3036001,10,3387
3036002,9,4203
3036100,70,2964
3036200,70,4140
3036300,90,5385
3036400,70,3006
3036501,50,2959
3036502,60,1902
3036600,65,4681
3036700,75,1796
3036900,50,6136
3037000,50,4750
3037100,40,4503
3037300,40,4385
3037401,60,4696
3037402,40,5367
3037500,13,3809
3037700,17,3970
3037900,30,3851
3038100,60,5313
3038200,65,5882
3038300,25,4338
3038500,20,3969
3038600,65,3812
3038700,20,4908
3038800,90,4047
3038900,17,3570
3039000,90,2321
3039100,10,5776
3039200,90,2908
3039300,13,4141
3039400,90,2187
3039500,13,4030
3039600,85,1948
3039700,13,3868
3039800,65,2841
3039900,25,4378
3040000,70,3281
3040100,30,3778
3040200,50,3025
3040300,25,3892
3040400,40,2812
3040500,50,1829
3040600,60,3599
3040800,50,3933
3040900,40,3800
3041000,60,2136
3041100,25,3332
3041200,75,3375
3041300,50,3951
3041401,90,1480
3041402,80,1855
3041500,40,4032
3041600,90,2112
3041700,50,3348
3041800,90,2645
3041900,50,3880
3042000,91,1912
3042100,25,4866
3042200,90,3663
3042300,17,4566
3042400,65,4175
3042500,17,3026
3042600,50,4350
3042700,20,4920
3042800,40,4290
3042900,40,5556
3043000,65,3842
3043100,30,4884
3043200,60,4514
3043300,40,3843
3043400,60,3866
3043500,50,4709
3043600,70,4694
3043700,30,5282
3043800,90,2905
3043900,40,4097
3044000,91,2878
3044100,40,5526
3044200,91,2631
3044300,30,5195
3044400,90,3260
3044500,30,4207
3044600,65,2026
3044700,65,2459
3044800,90,1965
3044901,70,2694
3044902,13,44
3045000,91,645
3045200,91,2618
3045300,8,1886
3045400,91,2036
3045600,85,2767
3045800,90,1558
3046000,80,3828
3046201,90,2700
3046202,91,1891
3046400,92,2732
3046800,93,2138
3047000,92,2823
3047200,92,3099
3047400,92,3232
3047600,92,4054
3047700,8,4226
3047800,92,5308
3048000,91,3824
3048100,7,3105
3048200,80,6122
3048400,91,5922
3048500,7,2470
3048600,90,3597
3048800,90,4536
3048900,80,3757
3049000,80,6036
3049100,20,6366
3049200,75,3366
3049301,60,1897
3049302,17,5476
3049400,50,5527
3049500,8,3114
3049600,75,4646
3049700,8,3141
3049800,65,4517
3049900,10,2147
3050001,65,2062
3050002,70,1607
3050100,8,2951
3050202,65,2312
3050300,8,2759
3050401,65,2997
3050402,40,2004
3050500,13,4567
3050600,50,5612
3050700,93,3545
3050801,50,4311
3050803,20,2548
3050804,25,6196
3050900,93,5112
3051001,25,3740
3051002,25,4600
3051100,9,4545
3051200,30,5946
3051300,7,5526
3051400,25,7023
3051500,9,2451
3051601,65,5407
3051602,40,3874
3051700,8,2636
3051800,40,3528
3051900,7,6101
3052000,65,4175
3052300,10,5405
3052500,91,3720
3052600,60,4353
3052700,17,6045
3052800,65,1804
3052900,92,4299
3053000,90,3606
3053101,94,2997
3053102,94,5890
3053200,65,2510
3053300,93,7115
3053400,91,4777
3053500,92,4469
3053700,93,4304
3053800,75,5535
3053900,91,2668
3054200,90,4750
3054400,90,3785
3054500,91,7304
3054600,75,5409
3054700,91,7855
3054800,90,2189
3054900,75,4748
3055000,75,3956
3055100,9,6343
3055200,50,3735
3055300,8,3078
3055400,75,4813
3055500,17,8688
3055600,90,3880
3055700,8,1848
3055800,85,2736
3056000,70,3882
3056100,8,3460
3056200,91,1695
3056301,8,4923
3056302,80,2002
3056400,65,2626
3056500,8,3738
3056600,50,2548
3056800,25,1310
3056900,8,1624
3057000,17,3534
3057100,8,4267
3057200,85,5221
3057300,8,2590
3057400,40,2560
3057500,8,4902
3057600,50,2912
3057800,60,3332
3057901,8,1416
3058000,70,3502
3058200,85,3044
3058400,65,3797
3058600,50,2655
3058800,40,3532
3058901,13,1781
3059000,70,2014
3059100,13,3856
3059200,40,4268
3059300,13,2274
3059402,30,5105
3059403,40,3779
3059404,60,4426
3059600,20,2569
3059800,70,3617
3060000,40,6844
3060600,25,3178
3060800,30,4015
3061002,17,5064
3061003,85,2418
3061004,25,6669
3061200,50,1063
3061600,25,1854
3062000,60,1767
3062200,30,3325
3062600,65,3152
3062800,60,5222
3063200,17,1476
3063600,60,1317
3063800,50,1617
3064000,90,1620
3064200,70,2865
3064400,91,2702
3064600,91,2226
3064800,90,1993
3065000,50,1439
3065200,70,1197
3065400,90,1681
3065600,80,1795
3065800,65,1844
3066000,65,1762
3066200,60,1497
3067000,60,2876
3067200,30,1435
3067400,60,1992
3067600,30,1622
3067800,60,2874
3068000,60,1887
3068200,50,2489
3068600,40,1749
3068800,20,1706
3069000,40,1880
3069200,30,2512
3069601,60,3932
3069602,65,6275
3069800,50,1417
3070000,50,1650
3070201,70,6719
3070601,70,2703
3072000,60,2205
3072200,30,2893
3072400,30,1911
3072600,70,2582
3072800,25,3645
3073000,30,2170
3073200,25,2173
3073400,30,1818
3073600,70,3473
3073800,80,3290
3074000,70,3446
3074200,85,3023
3074400,91,2481
3074600,90,2100
3074800,90,1936
3075000,90,2928
3075200,90,1042
3075400,91,1402
3075600,85,1934
3075800,70,2005
3076000,75,2832
3076200,70,4391
3076400,50,3783
3076600,30,1990
3076800,90,4049
3077000,40,2776
3077200,65,3070
3077400,75,3029
3077600,30,3784
3078000,17,2197
3078200,50,4081
3078400,25,2441
3078601,60,2374
3078602,20,2073
3078801,60,2040
3078802,60,1328
3079001,40,1347
3079002,40,3769
3079201,50,1743
3079202,91,3171
3079400,90,2742
3079601,17,4125
3079602,20,4489
3079801,17,2957
3079802,17,5647
3080000,17,3562
3080200,25,4521
3080400,20,3327
3080600,90,3781
3080800,10,1940
3081000,40,2907
3081400,60,3121
3081600,50,2580
3081800,20,4830
3082000,25,5495
3082200,20,7201
3082400,50,4963
3082600,40,5165
3082800,50,4206
3083000,65,6167
3083200,60,2362
3083400,30,1733
3083600,30,2160
3083800,25,2226
3084000,40,2324
3084600,65,1986
3084800,30,1728
3085000,40,1509
3085400,25,1962
3085600,50,3568
3085800,40,2474
3086000,60,3809
3086200,65,3427
3086400,40,2499
3086600,40,3385
3086800,60,3413
3087000,40,3570
3087200,60,3128
3087401,80,3740
3087600,70,2098
3087800,25,2730
3088001,17,2127
3088002,70,1374
3088200,70,6804
3088400,60,5513
3088600,65,4547
3088800,65,4001
3089000,40,6683
3089200,60,3673
3089400,85,3834
3089600,70,4081
3089800,85,2329
3090000,85,5434
3090200,91,3817
3090600,91,4534
3090800,92,5893
3091000,85,5814
3091200,90,6572
3091600,85,5309
3091800,75,2703
3092000,85,3491
3092200,40,3031
3092400,90,3628
3092800,50,2861
3093000,30,2567
3093200,25,1277
3093400,25,2466
3093600,50,1854
3093800,50,2662
3094401,30,3447
3094402,75,2810
3094600,30,2079
3095000,50,3170
3095400,50,5156
3095600,60,4391
3095800,50,3770
3096000,95,6
3096200,50,1701
3096400,80,2621
3096600,60,2353
3096800,70,1555
3097000,65,2357
3097400,20,2911
3098200,85,4076
3098400,50,2074
3098600,50,2814
3098800,30,3083
3099000,65,1652
3099200,50,2056
3099400,70,2116
3099600,65,4052
3099800,40,4234
3100400,50,2901
3100600,50,2662
3100800,65,2189
3101000,65,2605
3101200,60,2115
3101400,60,2268
3101600,30,1551
3101800,25,2030
3102000,50,2186
3102200,65,2313
3102400,60,2257
3102600,60,2973
3102801,50,1754
3103401,90,3980
3105801,30,7013
3105804,25,6482
3107001,91,3543
3107800,17,4112
3109800,85,2290
3110400,75,5068
3110600,90,4558
3111000,75,3037
3111600,75,3434
3111800,90,3507
3112000,75,3480
3112200,80,3514
3112400,85,4288
3112600,80,4368
3112800,75,4461
3113000,80,4460
3113200,65,2427
3113400,90,2658
3114201,65,1880
3114202,60,2670
3114400,80,2414
3114600,75,3134
3115000,85,3123
3115200,90,3496
3115600,90,4452
3115800,75,3260
3116000,80,2630
3116200,65,2374
3116400,75,3275
3116600,90,3484
3116800,75,2273
3117000,75,1974
3117201,80,2602
3117202,75,4266
3117400,70,4331
3117601,75,2760
3117602,80,3492
3117800,70,1820
3118201,80,3345
3118202,85,3275
3118400,80,5434
3118600,75,3147
3118800,80,5156
3119000,85,2217
3119200,80,3636
3119400,85,4320
3119600,85,6458
3119800,70,3696
3120000,80,2873
3120200,70,1972
3120801,65,3999
3120802,85,3770
3120803,65,2010
3121000,90,3688
3121400,90,4100
3122000,90,6169
3123700,94,8586
3150200,85,2616
3152200,40,3287
4000101,30,4659
4000102,17,7484
4000103,5,33
4000104,90,27
4000200,65,3084
4000400,75,4918
4000600,75,4177
4000701,30,3460
4000702,13,4260
4000800,65,3580
4001000,70,3789
4001200,40,4183
4001400,65,4114
4001600,50,3041
4001800,65,3044
4001901,10,1434
4001902,5,8645
4001903,5,2214
4002000,65,1871
4002200,40,2290
4002400,65,2195
4002500,75,7242
4002600,70,2150
4002800,70,3304
4003000,50,1479
4003100,8,2157
4003200,65,1791
4003301,4,4399
4003302,17,2166
4003400,70,2442
4003600,75,4195
4003700,93,2
4003800,75,2490
4003900,50,1462
4004001,65,2403
4004002,80,1361
4004200,75,4505
4004300,65,2326
4004401,70,3916
4004500,13,3252
4004700,50,4090
4005100,25,2512
4005200,85,3080
4005300,8,5397
4005400,60,5609
4005500,13,1367
4005700,10,4277
4005800,65,6194
4005900,8,4231
4006100,8,6291
4006201,13,5389
4006202,65,6949
4006300,8,5877
4006501,8,3645
4006502,8,4004
4006900,9,5196
4007100,8,4355
4007300,8,4470
4007500,8,4477
4007700,13,2114
4007900,20,3628
4008100,20,1761
4008300,20,3515
4008500,40,1979
4008600,40,2989
4008700,75,5176
4008800,50,3449
4009100,13,2733
4009400,70,2919
4009500,17,2510
4009600,50,3127
4009700,25,3860
4009800,40,2631
4010000,25,3383
4010100,13,2654
4010200,30,2866
4010300,20,4150
4010400,40,3315
4010500,65,4641
4010600,50,3417
4010701,17,7
4010800,65,3034
4011000,60,3190
4011100,13,2902
4011200,65,2497
4011300,9,4280
4011400,70,1539
4011500,8,2414
4011600,65,2370
4011700,10,3840
4011800,65,2690
4011900,8,1729
4012000,65,2385
4012100,13,2177
4012200,50,2802
4012301,13,3272
4012400,65,2873
4012500,8,1735
4012601,60,2596
4012602,65,2715
4012800,60,2212
4013000,80,1757
4013200,60,1919
4013400,25,5904
4013500,25,1526
4013600,25,1994
4013700,10,1747
4013800,40,3785
4014000,70,3952
4014100,13,1645
4014201,75,4702
4014202,40,2870
4014300,20,4007
4014400,70,2005
4014500,20,2368
4014700,10,2933
4014800,50,2186
4014900,17,2477
4015000,60,2418
4015100,9,2675
4015200,30,2638
4015300,8,2131
4015400,60,2390
4015500,9,2344
4015600,50,3210
4015700,17,1655
4015801,30,3817
4015802,30,4607
4015900,9,4010
4016100,20,2291
4016300,50,4053
4016400,50,3306
4016600,20,3400
4016800,40,2764
4016900,25,5577
4017000,40,2504
4017200,30,2224
4017400,50,2423
4017600,50,2181
4017800,60,2084
4017901,25,986
4017902,2,124
4018000,85,1365
4018101,13,3836
4018102,10,3800
4018200,60,2540
4018300,20,6044
4018401,75,2174
4018402,60,2412
4018501,17,3502
4018502,17,3453
4018600,65,1802
4018700,60,3611
4018800,65,1510
4018900,13,3457
4019000,50,2445
4019200,50,2359
4019400,40,3015
4019600,70,3122
4019800,85,3682
4019901,91,1088
4019902,2,317
4020200,65,1693
4020400,65,2278
4020500,60,1184
4020600,70,2046
4020800,60,3513
4021200,90,2812
4021400,50,6673
4021601,8,2678
4021602,50,1506
4021900,93,31
4022001,50,6551
4022002,25,6010
4023000,30,1880
4023200,40,5264
4023501,60,4403
4023502,30,3373
4023600,50,3266
4023800,75,4863
4024000,70,6252
4024300,60,6231
4024500,20,5544
4024600,100,1
4024700,30,1537
4024900,13,5724
4025100,20,5818
4025301,17,4510
4025302,30,3013
4025401,85,3899
4025402,75,6180
4025500,17,1603
4025700,25,1648
4025800,80,2289
4025900,40,3542
4026000,90,2915
4026100,50,7802
4026200,65,1652
4026300,30,6631
4026400,60,2736
4026501,30,3213
4026502,80,1622
4026600,20,1949
4026700,40,6196
4026901,60,5210
4026902,40,4244
4027000,65,1960
4027101,40,5454
4027102,75,3112
4027200,70,2065
4027301,75,3673
4027302,65,4765
4027400,50,1927
4027500,50,6773
4027600,80,1365
4027701,50,3448
4027702,50,5196
4027800,70,2529
4027900,25,6358
4028000,80,1901
4028100,20,5991
4028200,60,1801
4028300,25,7523
4028400,50,3766
4028500,20,4858
4028700,25,6544
4028801,65,2940
4028802,70,1952
4028803,93,8
4028900,25,5202
4029100,40,7341
4029300,50,1457
4029400,65,8072
4029500,20,3826
4029700,30,2258
4030600,60,5287
4030903,50,6748
4030904,40,3724
4030905,60,3424
4030906,50,4924
4031700,60,6781
4032000,85,5200
4032700,50,3932
4032800,60,2660
4032900,60,4251
4033000,65,7365
4033401,75,4196
4033403,17,4874
4033404,20,4723
4033405,30,3653
4033700,50,3765
4033900,40,3481
4034700,65,3688
4035100,40,4178
4035200,50,2550
4035300,70,2828
4035700,60,5593
4035800,65,4508
4036100,70,2706
4036300,90,2462
4036500,90,4142
4036600,40,3003
4036700,60,3099
4036800,65,2513
4037100,60,1917
4037300,75,2887
4037501,90,1479
4037502,65,2778
4037600,50,6373
4037700,90,4493
4037900,90,6504
4038100,85,6966
4038301,93,2
4038400,30,2720
4039400,50,3332
4039800,50,1688
4039901,75,2875
4039902,90,2285
4040000,40,1474
4040101,75,2847
4040102,90,4808
4040200,40,1474
4040301,90,2768
4040302,90,4760
4040400,60,4270
4040501,90,1183
4040502,80,2175
4040701,90,3162
4040702,85,5131
4040901,80,1951
4040902,90,3534
4041100,80,4532
4041300,90,4752
4041400,75,4526
4041500,90,4365
4042400,30,2295
4042600,1,364
4042700,80,4998
4043200,50,1280
4043400,50,1717
4043701,60,3683
4043702,75,6998
4043900,90,4931
4044000,75,4783
4044301,75,4725
4044302,65,5373
4044400,90,4562
4044601,50,4013
4044602,75,5472
4044800,70,3063
4045000,50,2070
4045200,40,1209
4045400,65,5207
4045500,65,13200
4045600,60,1365
4045700,25,3536
4045800,75,2271
4045900,50,4150
4046000,75,6193
4046100,65,2903
4046200,70,8206
4046300,80,4541
4046400,20,1841
4046500,70,4276
4046600,40,3676
4046700,60,7281
4046800,60,4173
4046901,50,4346
4046902,40,4102
4047000,40,3343
4047100,60,4785
4047200,25,3861
4047300,25,4863
4047500,30,5489
4047600,65,1374
4047801,17,4065
4047802,30,1511
4047900,60,6837
4048000,50,2666
4048100,40,6321
4048200,30,1518
4048301,25,2145
4048302,50,2092
4048400,70,5569
4048500,30,5331
4048900,80,1937
4049201,30,2888
4049202,25,2018
4049301,60,2391
4049302,65,3498
4049500,65,1430
4049600,30,3251
4049700,60,3381
4049900,40,5477
4050000,65,4778
4050201,80,1678
4050202,70,1521
4050400,50,1872
4050500,30,1768
4050600,20,1635
4050700,40,3699
4050800,50,2084
4051000,30,1616
4051100,50,2494
4051200,60,2748
4051300,70,2638
4051500,50,3126
4051600,65,2069
4051700,30,2146
4051800,60,1948
4052000,30,1593
4052100,70,2197
4052200,50,1605
4052400,50,1945
4052500,50,2252
4052600,65,1958
4052800,50,1563
4053000,40,2393
4053100,50,3462
4053200,30,1886
4053401,50,2104
4053501,25,1058
4053601,30,1578
4053800,40,1648
4053901,30,3968
4053902,65,88
4054000,65,4632
4054200,30,5149
4054500,40,3648
4054700,50,4166
4054800,40,2336
4054900,60,4932
4055100,30,4574
4055200,25,3174
4055300,20,2856
4055400,30,2487
4055500,40,1935
4055600,25,2242
4055700,50,3966
4055800,25,1710
4055900,50,1178
4056000,40,1743
4056200,30,1460
4056400,40,1559
4056500,70,1681
4056600,50,1581
4056700,50,4751
4056800,40,4862
4057700,65,4023
4057900,60,1743
4058000,30,3589
4058100,25,2785
4058200,50,4509
4058300,20,3362
4058500,30,4128
4058700,40,3336
4058900,50,4308
4059000,30,1182
4059100,40,5226
4059200,17,1186
4059300,25,4092
4059400,20,1506
4059501,30,2091
4059502,50,2712
4059600,30,1373
4059800,30,1764
4059900,40,1594
4060000,30,1223
4060100,65,2414
4060300,30,1854
4060600,30,1328
4060800,25,1475
4061000,25,1204
4061200,20,1552
4061301,30,5763
4061400,30,1205
4061601,20,2095
4061602,40,1402
4061800,25,1736
4061900,50,3097
4062000,17,1419
4062100,50,3151
4062200,10,1979
4062300,40,1923
4062500,40,2625
4062600,60,2689
4062700,65,3010
4062900,50,3042
4063000,25,1602
4063200,50,2261
4063301,60,1587
4063302,50,1665
4063500,40,2784
4063700,30,3507
4063800,40,3584
4063900,25,2794
4064101,30,2378
4064500,30,2064
4064600,30,3025
4065000,50,2831
4065401,60,2836
4065402,95,5
4065600,50,5423
4065702,50,1775
4065703,50,2829
4065900,60,1850
4066000,40,3511
4066100,25,1573
4066301,40,2713
4066302,85,4
4066401,25,1923
4066402,50,3942
4066403,50,4480
4066501,30,3538
4066701,50,2789
4066900,50,1790
4067100,30,2248
4067700,30,1832
4067900,20,4397
4068000,50,5220
4068200,60,1262
4068300,13,4052
4068700,20,4597
4069000,60,3787
4069300,30,2887
4069400,65,3604
4069500,40,2451
4069701,40,4435
4069702,30,3929
4070300,30,2225
4070700,50,2426
4070900,50,2635
4071100,17,5687
4071303,30,5307
4071304,25,6386
4071305,20,5126
4071306,30,6181
4071701,17,5557
4071702,13,4660
4071900,70,2887
4072100,30,5040
4072300,60,2158
4072900,70,1490
4073100,65,1550
4073700,20,2277
4073900,30,5548
4074100,20,3164
4074300,40,4433
4074500,50,3659
4074700,50,3539
4074900,65,1563
4075701,20,5110
4075702,30,5071
4076901,25,4274
4076902,30,1390
4077300,17,2311
4077500,13,2241
4077902,90,5416
4077903,50,2937
4077904,70,6324
4077905,13,2586
4077906,70,3968
4077907,90,3349
4077908,80,3838
4078800,50,2002
4079000,60,2875
4079200,40,2717
4079701,30,7620
4079702,30,5002
4079900,30,3871
4080301,50,4828
4080302,50,3973
4080900,40,7591
4081400,65,4088
4081800,60,3873
4083700,40,6229
4083800,40,5194
4084000,40,6644
4084500,20,5516
4084601,30,3045
4084602,30,1496
4084901,20,3013
4084902,17,4466
4085300,10,5415
4085500,20,6889
4085700,17,5770
4085900,30,6162
4086100,17,2450
4086300,20,7118
4086400,60,2867
4086500,8,5224
4086900,13,2343
4087100,13,6373
4088400,30,7578
4088902,20,7015
4088903,13,4487
4089201,30,7404
4090700,60,1584
4091603,25,4456
4091900,40,6417
4092200,65,2208
4092500,85,4356
4092800,65,3204
4092900,65,7638
4093401,60,3732
4093402,30,3704
4093800,13,4460
4093900,60,6268
4094201,50,3729
4094202,85,4785
4094203,13,5676
4094500,50,4327
4094700,75,3035
4095400,80,6108
4096400,65,6353
4097202,91,3460
4097204,70,4078
4097205,91,4268
4097206,91,2910
4097300,50,2007
4098100,50,2353
4098700,60,2543
4099100,20,6642
4099200,85,4348
4099701,40,3075
4099703,10,3938
4099704,9,7280
4099705,25,2687
4099801,75,7853
4099802,60,5822
4100801,90,2496
4100803,85,4817
4100804,90,4315
4101002,91,4596
4101003,91,3943
4101004,80,6612
4101700,30,6307
4102900,40,3786
4103201,91,6986
4103202,91,6860
4103300,60,4459
4103900,40,6618
4104700,30,7907
4105900,30,3812
4107201,60,2370
4108500,50,2778
4109300,30,3139
4109700,30,1797
4109900,50,3538
4111300,40,2611
4112300,25,2126
4112900,25,2248
4113300,40,1554
4113900,25,3602
4114100,25,2580
4114700,40,1833
4115100,17,1087
4115500,50,2132
4115700,17,3529
4115900,20,3922
4116100,10,4585
4116301,17,5178
4116302,20,3461
4116700,40,2094
4117100,20,2837
4117500,25,5410
4118100,25,2015
4118500,40,2357
4118700,30,2648
4118900,40,2625
4119100,50,3694
4119300,40,2407
4119500,30,1445
4119900,13,1699
4120100,40,1840
4120300,20,1818
4120500,20,3144
4120701,25,3058
4120702,91,3
4121500,50,4737
4122300,60,3822
4122702,70,6959
4122703,50,6801
4122704,60,4444
4124100,50,4004
4124700,70,3734
4125700,50,3642
4126500,13,1595
4126700,7,4490
4127700,85,3600
4129102,60,3561
4129103,13,3811
4129104,20,4318
4130100,30,4203
4133300,65,3915
4133900,80,1360
4134100,65,3659
4134701,50,5561
4134702,75,5117
4136700,30,6250
4137700,60,7309
4138501,60,4994
4139900,25,1769
4140300,30,2406
4140901,40,1020
4140902,40,2906
4141700,40,4975
4142900,30,3897
4143500,50,2364
4144100,20,2957
4144700,60,3131
4145101,50,1501
4145102,50,2597
4145900,25,2870
4146300,30,2929
4146700,13,2807
4147100,30,3239
4147900,30,4279
4148300,40,2968
4150701,17,2919
4150702,20,3049
4152901,30,6382
4152902,30,5665
4155101,1,1945
4155103,10,4373
4155104,17,3616
4156700,10,1470
4157101,25,7561
4157102,40,2109
4157901,17,5184
4157902,20,3757
4157903,40,4489
4161700,40,4541
4162100,40,6682
5000300,25,2348
5000600,20,2859
5000700,70,5143
5000800,70,6268
5000900,85,2240
5001100,85,4234
5001700,65,1865
5001800,90,495
5002001,25,2524
5002002,40,3302
5002100,65,5467
5002700,60,2049
5002900,91,6871
5003300,65,3738
5003600,75,2792
5003900,20,2179
5004001,75,2775
5004002,60,3409
5004003,91,4851
5004004,75,2807
5004700,17,3126
5005000,65,4357
5005901,40,2854
5005902,100,5
5006400,60,3698
5006700,60,2927
5007001,40,2634
5007002,50,6215
5007400,60,4962
5007500,70,4200
5007700,91,1762
5008100,50,4822
5009601,17,4075
5009602,50,3767
5009701,85,4454
5010500,80,5597
5011201,50,5768
5011203,60,6791
5011401,60,3249
5011402,40,3738
5012100,50,3212
5012200,30,3938
5012500,85,3087
5012804,65,4644
5012805,40,2390
5012806,60,6659
5013201,60,1659
5013203,40,5790
5013204,40,5055
5013301,91,1631
5013302,90,3733
5013400,50,4204
5013800,50,6625
5014100,75,2868
5014604,40,6651
5014605,30,3785
5014606,30,6288
5014607,70,4650
5014608,50,3640
5014700,40,3451
5015100,70,5449
5015601,50,6663
5015602,40,3396
5015603,60,4776
5016901,60,3213
5017005,60,4845
5017007,80,5526
5017009,60,4473
5017011,40,4587
5017012,50,4473
5017013,65,4333
5017014,60,4327
5017015,40,2713
5017016,65,4637
5017300,70,2535
5017600,40,4932
5017701,40,4724
5017702,50,2353
5018100,25,3569
5018701,70,1836
5018703,85,3976
5018704,65,3780
5018901,50,5725
5018902,90,5533
5019700,60,1958
5019800,60,6627
5020100,75,3796
5020701,90,3942
5020702,90,3436
5020803,70,7348
5020804,50,5364
5020805,60,6433
5020806,60,2714
5021300,80,5737
5022300,85,3134
5022601,75,6945
5022602,17,1223
5023100,75,4959
5023900,60,3605
5024401,60,5687
5024402,50,4381
5024700,80,2893
5024800,75,4798
5025100,50,6030
5027301,50,4811
5027302,91,4242
5027702,20,6479
5027704,60,4612
5027705,65,5866
5027706,60,3043
5027900,25,2110
5029102,80,3394
5029104,60,7178
5029105,40,4257
5029106,50,3231
5030301,60,5130
5030302,70,6669
5031901,91,3262
5031902,91,5500
5032300,75,1233