BoroCT2020,ScoreBaseMidSchool,WeightForAggregation
1000201,94,"0,1"
1000202,94,"0,3"
1000600,94,"0,2"
1000700,94,"0,2"
1000800,94,"0,2"
1000900,94,"0,2"
1001001,94,"0,1"
1001002,94,"0,2"
1001200,94,"0,1"
1001300,90,"0,3"
1001401,94,"0,1"
1001402,94,"0,1"
1001501,94,"0,3"
1001502,80,"0,2"
1001600,94,"0,2"
1001800,94,"0,2"
1002000,94,"0,1"
1002100,90,"0,2"
1002201,94,"0,2"
1002202,94,"0,1"
1002400,94,"0,2"
1002500,94,"0,1"
1002601,94,"0,1"
1002602,94,"0,1"
1002700,20,"0,1"
1002800,94,"0,2"
1002901,70,"0,1"
1002902,20,"0,1"
1003001,94,"0,1"
1003002,94,"0,1"
1003100,94,"0,2"
1003200,94,"0,2"
1003300,90,"0,3"
1003400,94,"0,2"
1003601,94,"0,1"
1003602,100,"0,1"
1003700,90,"0,4"
1003800,100,"0,2"
1003900,90,"0,3"
1004001,94,"0,1"
1004002,94,"0,1"
1004100,94,"0,2"
1004200,100,"0,1"
1004300,100,"0,1"
1004400,94,"0,4"
1004500,94,"0,1"
1004700,94,"0,2"
1004800,94,"0,2"
1004900,94,"0,2"
1005000,94,"0,2"
1005200,94,"0,2"
1005400,94,"0,2"
1005501,90,"0,1"
1005502,100,"0,1"
1005600,94,"0,2"
1005700,100,"0,1"
1005800,94,"0,2"
1005900,90,"0,1"
1006000,80,"0,1"
1006100,100,"0,1"
1006200,80,"0,3"
1006300,94,"0,2"
1006400,80,"0,2"
1006500,90,"0,2"
1006600,80,"0,2"
1006700,90,"0,2"
1006800,80,"0,2"
1006900,90,"0,2"
1007001,80,"0,1"
1007002,80,"0,1"
1007100,94,"0,2"
1007200,80,"0,2"
1007300,90,"0,2"
1007400,80,"0,2"
1007500,90,"0,2"
1007600,80,"0,2"
1007700,94,"0,2"
1007800,80,"0,2"
1007900,90,"0,3"
1008000,80,"0,2"
1008100,94,"0,2"
1008200,80,"0,2"
1008300,90,"0,2"
1008400,80,"0,2"
1008601,80,"0,1"
1008603,80,"0,1"
1008700,94,"0,2"
1008800,80,"0,2"
1008900,90,"0,2"
1009000,80,"0,2"
1009100,90,"0,2"
1009200,80,"0,2"
1009300,90,"0,2"
1009400,80,"0,2"
1009500,17,"0,2"
1009600,80,"0,2"
1009700,17,"0,2"
1009800,80,"0,2"
1009901,90,"0,4"
1009902,17,"0,2"
1009903,17,"0,4"
1010000,80,"0,2"
1010100,17,"0,2"
1010200,80,"0,2"
1010300,17,"0,2"
1010400,80,"0,2"
1010601,80,"0,1"
1010602,80,"0,1"
1010801,80,"0,1"
1010802,80,"0,1"
1010803,80,"0,1"
1010900,17,"0,2"
1011000,80,"0,2"
1011100,17,"0,2"
1011201,80,"0,1"
1011202,80,"0,1"
1011203,80,"0,1"
1011300,17,"0,2"
1011401,80,"0,1"
1011402,80,"0,1"
1011500,17,"0,2"
1011600,80,"0,2"
1011700,17,"0,2"
1011800,80,"0,2"
1011900,17,"0,2"
1012000,80,"0,2"
1012101,17,"0,1"
1012102,17,"0,1"
1012200,80,"0,2"
1012400,80,"0,2"
1012500,17,"0,2"
1012601,80,"0,1"
1012602,80,"0,1"
1012700,17,"0,2"
1012800,80,"0,2"
1012901,17,"0,2"
1012902,17,"0,2"
1013000,80,"0,2"
1013100,17,"0,2"
1013201,80,"0,1"
1013202,80,"0,1"
1013203,80,"0,1"
1013300,17,"0,2"
1013400,80,"0,2"
1013501,17,"0,2"
1013502,80,"0,2"
1013601,80,0
1013602,80,"0,1"
1013603,80,"0,1"
1013604,80,"0,1"
1013700,17,"0,2"
1013800,80,"0,2"
1013900,17,"0,2"
1014000,80,"0,2"
1014200,80,"0,2"
1014401,80,"0,1"
1014402,80,"0,2"
1014500,80,"0,2"
1014601,80,"0,1"
1014602,80,"0,1"
1014700,80,"0,1"
1014801,80,"0,1"
1014802,80,"0,1"
1014900,80,"0,2"
1015001,80,"0,1"
1015002,80,"0,1"
1015101,80,"0,1"
1015102,80,"0,2"
1015200,80,"0,2"
1015301,80,"0,1"
1015302,80,"0,1"
1015401,80,"0,1"
1015402,80,"0,1"
1015403,80,"0,1"
1015501,80,"0,1"
1015502,80,"0,1"
1015601,80,"0,1"
1015602,80,"0,1"
1015700,80,"0,2"
1015801,80,"0,1"
1015802,80,"0,1"
1015900,80,"0,2"
1016001,80,"0,1"
1016002,80,"0,1"
1016100,80,"0,2"
1016200,80,"0,3"
1016300,80,"0,3"
1016400,80,"0,2"
1016500,80,"0,2"
1016600,80,"0,2"
1016700,80,"0,2"
1016800,80,"0,2"
1016900,80,"0,2"
1017000,80,"0,2"
1017100,80,"0,2"
1017200,80,"0,2"
1017300,80,"0,2"
1017401,80,"0,1"
1017402,80,"0,1"
1017500,80,"0,2"
1017700,80,"0,2"
1017800,80,"0,2"
1017900,80,"0,2"
1018000,80,"0,2"
1018100,80,"0,1"
1018200,80,"0,2"
1018300,80,"0,2"
1018400,80,"0,2"
1018500,50,"0,1"
1018600,80,"0,1"
1018700,50,"0,2"
1018800,80,"0,1"
1018900,50,"0,3"
1019000,80,"0,1"
1019100,50,"0,2"
1019200,80,"0,2"
1019300,50,"0,2"
1019400,80,"0,2"
1019500,50,"0,2"
1019600,80,"0,2"
1019701,80,"0,2"
1019702,50,0
1019800,80,"0,2"
1019900,50,"0,2"
1020000,80,"0,1"
1020101,50,"0,1"
1020102,50,"0,1"
1020300,80,"0,2"
1020500,80,"0,3"
1020600,80,"0,1"
1020701,80,0
1020800,80,"0,1"
1020901,80,"0,1"
1021000,80,"0,2"
1021100,80,"0,3"
1021200,80,"0,2"
1021303,80,"0,2"
1021400,80,"0,1"
1021500,80,"0,1"
1021600,50,"0,2"
1021703,80,"0,3"
1021800,50,"0,2"
1021900,80,"0,3"
1022000,80,"0,2"
1022102,80,"0,1"
1022200,80,"0,2"
1022301,80,"0,2"
1022302,80,"0,1"
1022400,80,"0,2"
1022500,23,"0,3"
1022600,80,"0,2"
1022700,80,"0,2"
1022800,80,"0,2"
1022900,23,"0,2"
1023000,80,"0,2"
1023100,80,"0,2"
1023200,80,"0,2"
1023300,7,"0,2"
1023400,80,"0,1"
1023501,80,"0,2"
1023502,80,0
1023600,80,"0,3"
1023700,26,"0,3"
1023802,0,"0,2"
1023803,0,"0,1"
1023804,60,"0,2"
1023900,26,"0,1"
1024100,26,"0,2"
1024200,80,"0,3"
1024301,70,"0,1"
1024302,80,"0,2"
1024500,26,"0,2"
1024700,26,"0,3"
1024900,70,"0,1"
1025100,70,"0,2"
1025300,70,"0,2"
1025500,70,"0,4"
1025700,80,"0,1"
1025900,80,"0,1"
1026100,70,"0,2"
1026300,70,"0,2"
1026500,70,"0,2"
1026700,26,0
1026900,26,"0,2"
1027100,50,"0,2"
1027300,70,"0,2"
1027500,70,"0,3"
1027700,50,"0,2"
1027900,50,"0,2"
1028100,70,"0,1"
1028300,15,"0,2"
1028500,70,"0,1"
1028700,70,"0,5"
1029100,70,"0,2"
1029300,70,"0,2"
1029500,70,"0,1"
1029900,70,"0,6"
1030300,20,"0,2"
1030700,20,"0,1"
1030900,56,"0,3"
1031703,90,"0,2"
1031704,90,"0,2"
2000100,0,"1,7"
2000200,10,"0,5"
2000400,10,"0,8"
2001600,13,"0,5"
2001901,50,"0,2"
2001902,30,"0,5"
2001903,50,"0,9"
2002001,80,"0,2"
2002002,13,"0,2"
2002300,50,"0,1"
2002500,30,"0,1"
2002701,0,"0,1"
2002702,30,"0,2"
2002800,80,"0,4"
2003100,13,"0,2"
2003300,0,"0,2"
2003500,7,"0,1"
2003700,7,"0,2"
2003800,13,"0,1"
2003900,50,"0,2"
2004001,0,"0,1"
2004100,50,"0,2"
2004200,80,"0,5"
2004300,50,"0,2"
2004400,80,"0,3"
2004600,80,"0,1"
2004800,80,"0,1"
2005001,80,"0,1"
2005002,80,"0,1"
2005100,50,"0,5"
2005200,80,"0,2"
2005300,20,"0,1"
2005400,80,"0,2"
2005600,26,"0,1"
2005902,23,"0,1"
2006000,26,"0,3"
2006100,23,"0,2"
2006200,0,"0,2"
2006301,50,"0,8"
2006400,0,"0,2"
2006500,50,"0,3"
2006700,23,"0,2"
2006800,80,"0,2"
2006900,0,"0,2"
2007000,80,"0,2"
2007100,23,"0,3"
2007200,80,"0,2"
2007300,7,"0,1"
2007400,13,"0,2"
2007500,13,"0,2"
2007600,80,"0,2"
2007700,10,"0,1"
2007800,0,"0,3"
2007900,13,"0,2"
2008300,13,"0,2"
2008400,10,"0,2"
2008500,10,"0,2"
2008600,13,"0,2"
2008700,80,"0,2"
2008900,70,"0,1"
2009000,70,"1,1"
2009200,50,"0,3"
2009301,17,"0,6"
2009302,17,"1,8"
2009600,90,"0,7"
2009800,70,"0,5"
2011502,80,"0,3"
2011701,13,"0,2"
2011800,70,1
2011900,70,"0,2"
2012101,80,"0,1"
2012102,80,"0,1"
2012300,94,"0,3"
2012500,80,"0,2"
2012701,80,"0,1"
2012901,80,"0,2"
2013000,70,"0,1"
2013100,80,"0,2"
2013200,70,"0,6"
2013300,26,"0,2"
2013500,60,"0,2"
2013800,70,"0,8"
2014100,23,"0,2"
2014300,60,"0,1"
2014400,70,"0,4"
2014500,80,"0,2"
2014701,80,"0,1"
2014702,80,"0,1"
2014900,80,"0,2"
2015100,80,"0,2"
2015200,70,"0,3"
2015300,60,"0,2"
2015500,26,"0,1"
2015700,26,"0,3"
2015800,70,"0,2"
2015900,70,"0,1"
2016000,70,"0,5"
2016100,26,"0,2"
2016200,70,"0,2"
2016400,70,"0,2"
2016500,80,"0,2"
2016600,70,"0,3"
2016700,80,"0,2"
2016900,80,"0,1"
2017300,23,"0,2"
2017500,60,"0,2"
2017701,80,"0,1"
2017702,80,"0,1"
2017901,30,"0,1"
2017902,30,"0,1"
2018101,30,"0,1"
2018102,30,"0,1"
2018301,30,"0,1"
2018302,23,"0,1"
2018400,70,"0,4"
2018501,60,"0,2"
2018502,60,"0,2"
2018900,26,"0,4"
2019300,26,"0,2"
2019400,94,"0,8"
2019500,30,"0,2"
2019700,30,"0,1"
2019900,26,"0,2"
2020000,94,"0,3"
2020100,0,"0,3"
2020200,50,"0,1"
2020400,70,"0,1"
2020501,30,"0,3"
2020502,20,"0,1"
2020601,50,"0,2"
2020900,60,"0,1"
2021001,70,"0,2"
2021002,30,"0,2"
2021100,30,"0,2"
2021200,30,"0,1"
2021301,30,"0,1"
2021302,30,"0,2"
2021501,30,"0,1"
2021502,30,"0,2"
2021601,70,"0,2"
2021602,80,"0,2"
2021700,60,"0,2"
2021800,70,"0,3"
2021900,30,"0,1"
2022000,0,"0,2"
2022101,30,"0,1"
2022102,30,"0,1"
2022200,50,"0,2"
2022300,60,"0,1"
2022401,0,"0,1"
2022403,50,"0,1"
2022404,0,"0,1"
2022500,60,"0,2"
2022701,60,"0,1"
2022702,60,0
2022703,56,0
2022800,70,"0,2"
2022901,56,"0,1"
2022902,56,"0,1"
2023000,70,"0,2"
2023100,56,"0,1"
2023200,70,"0,1"
2023301,56,"0,1"
2023302,56,"0,1"
2023501,70,"0,1"
2023502,70,"0,1"
2023600,70,"0,1"
2023702,30,0
2023703,30,"0,1"
2023704,50,"0,1"
2023800,70,"0,3"
2023900,50,"0,2"
2024000,70,"0,2"
2024100,50,"0,1"
2024300,30,"0,1"
2024400,70,"0,2"
2024501,30,"0,1"
2024502,26,"0,1"
2024600,70,"0,2"
2024700,20,"0,1"
2024800,94,"0,3"
2024900,50,"0,2"
2025000,94,"0,2"
2025100,50,"0,2"
2025200,70,"0,2"
2025300,40,"0,1"
2025400,94,"0,2"
2025500,40,"0,2"
2025600,94,"0,2"
2025700,40,"0,2"
2026100,20,"0,2"
2026300,40,"0,2"
2026400,70,"0,4"
2026500,40,"0,2"
2026601,70,"0,2"
2026602,70,"0,3"
2026701,40,"0,1"
2026702,20,"0,2"
2026900,70,"0,4"
2027300,56,"0,2"
2027401,70,"0,7"
2027402,70,"0,5"
2027700,56,"0,2"
2027900,56,"0,3"
2028100,20,"0,1"
2028300,20,"0,2"
2028400,94,"1,1"
2028500,20,"0,3"
2028600,90,"0,2"
2028700,20,"0,2"
2028800,90,"0,3"
2028900,20,"0,2"
2029301,0,"0,2"
2029302,20,"0,4"
2029500,20,"0,2"
2029600,90,"0,7"
2029700,0,"0,2"
2030000,70,"0,4"
2030100,0,"0,1"
2030201,90,"0,2"
2030202,23,"0,3"
2030701,0,"0,4"
2030900,0,"1,3"
2031000,90,"0,6"
2031200,90,"0,2"
2031400,90,"0,2"
2031600,90,"0,2"
2031800,90,"0,2"
2031900,0,"0,2"
2032300,0,"0,6"
2032400,50,"0,3"
2032600,90,"0,3"
2032800,50,"0,2"
2033000,50,"0,2"
2033201,50,"0,1"
2033202,50,"0,1"
2033500,0,"0,2"
2033601,6,"0,1"
2033602,6,"0,1"
2033700,0,"0,4"
2033801,0,"0,1"
2033802,6,0
2034000,50,"0,2"
2034200,50,"0,2"
2034300,0,"0,1"
2034400,90,"0,2"
2034500,0,"0,3"
2034800,90,"0,4"
2035000,90,"0,2"
2035100,0,"0,6"
2035600,90,"0,4"
2035800,90,"0,7"
2035900,26,"0,1"
2036000,90,"0,3"
2036100,1,"0,2"
2036300,26,"0,2"
2036400,90,"0,2"
2036501,26,"0,1"
2036502,26,"0,1"
2036700,26,"0,1"
2036800,90,"0,2"
2036901,80,"0,1"
2036902,60,"0,1"
2037000,90,"0,2"
2037100,26,"0,2"
2037200,90,"0,2"
2037300,60,"0,2"
2037400,6,"0,2"
2037504,60,"0,2"
2037600,6,"0,1"
2037800,6,"0,1"
2037900,56,"0,2"
2038000,90,"0,2"
2038100,70,"0,2"
2038200,90,"0,2"
2038301,30,"0,1"
2038303,9,"0,1"
2038304,9,"0,1"
2038500,15,"0,2"
2038600,90,"0,4"
2038700,15,"0,2"
2038800,90,"0,1"
2038900,15,"0,2"
2039000,90,"0,2"
2039100,26,"0,2"
2039200,6,"0,1"
2039300,26,"0,2"
2039400,6,"0,1"
2039500,80,"0,4"
2039600,90,"0,2"
2039700,9,"0,5"
2039800,90,"0,2"
2039901,30,"0,2"
2039902,9,"0,1"
2040100,30,"0,2"
2040302,56,"0,1"
2040303,40,"0,1"
2040304,40,"0,1"
2040400,20,"0,2"
2040501,0,"0,1"
2040502,6,"0,1"
2040600,6,"0,2"
2040701,40,"0,1"
2040702,40,"0,2"
2040800,6,"0,1"
2040900,20,"1,2"
2041100,40,"0,1"
2041300,40,"0,2"
2041400,6,"0,6"
2041500,40,"0,1"
2041800,30,"0,3"
2041900,40,"0,3"
2042000,6,"0,2"
2042100,40,"0,2"
2042200,20,"0,2"
2042300,40,"0,2"
2042400,20,"0,2"
2042500,40,"0,3"
2042600,20,"0,5"
2042800,20,"0,2"
2042901,40,"0,1"
2042902,40,"0,1"
2043000,20,"0,2"
2043101,40,"0,1"
2043102,40,"0,1"
2043400,20,"0,3"
2043501,70,"0,4"
2043600,20,"0,2"
2044200,20,"0,2"
2044400,20,"0,4"
2044800,20,"0,2"
2044901,80,"0,2"
2044902,80,"0,2"
2045101,30,"0,2"
2045102,30,"0,2"
2045600,20,"0,9"
2045800,20,"0,2"
2046000,20,"0,3"
2046203,30,"0,9"
2046204,23,"0,1"
2046205,90,"0,9"
2046206,0,"0,1"
2046207,90,"0,2"
2046208,90,"0,5"
2046209,20,"0,5"
2048401,20,"0,5"
2048402,20,"0,2"
2051601,13,"1,2"
3000100,80,"0,2"
3000200,94,"0,3"
3000301,80,"0,2"
3000501,80,"0,1"
3000502,80,"0,1"
3000700,80,"0,2"
3000900,80,"0,2"
3001100,80,"0,2"
3001300,80,"0,3"
3001501,80,"0,2"
3001502,80,"0,1"
3001801,94,"0,5"
3001802,94,"0,6"
3001803,50,"0,6"
3002000,23,"0,2"
3002100,80,"0,5"
3002200,50,"0,3"
3002300,80,"0,2"
3002901,80,"0,1"
3003000,10,"0,1"
3003101,80,"0,2"
3003300,80,"0,2"
3003400,10,"0,5"
3003500,80,"0,1"
3003600,10,"0,1"
3003700,80,"0,2"
3003800,10,"0,1"
3003900,23,"0,2"
3004100,23,"0,2"
3004300,23,"0,2"
3004400,80,"0,4"
3004500,50,"0,2"
3004600,26,"0,3"
3004700,80,"0,3"
3004900,50,"0,1"
3005000,26,"0,2"
3005100,26,"0,2"
3005201,90,"0,1"
3005202,90,"0,1"
3005301,26,"0,6"
3005302,26,"0,8"
3005400,15,"0,2"
3005601,15,"0,2"
3005602,15,"0,1"
3005800,90,"0,2"
3005900,26,"0,4"
3006000,90,"0,2"
3006200,90,"0,2"
3006300,26,"0,1"
3006400,80,"0,2"
3006500,26,"0,2"
3006600,10,"0,2"
3006700,50,"0,2"
3006800,10,"0,2"
3006901,23,"0,1"
3006902,23,"0,1"
3007000,50,"0,1"
3007100,23,"0,2"
3007200,50,"0,1"
3007400,50,"0,1"
3007500,50,"0,3"
3007600,23,"0,1"
3007700,50,"0,4"
3007800,23,"0,1"
3008000,23,"0,1"
3008200,23,"0,1"
3008400,94,"0,2"
3008500,26,"0,2"
3008800,94,"0,2"
3009001,30,"0,1"
3009002,30,"0,1"
3009201,30,"0,1"
3009202,30,"0,1"
3009401,60,"0,1"
3009402,60,"0,1"
3009600,30,"0,2"
3009800,23,"0,2"
3010000,23,"0,2"
3010100,94,"0,3"
3010200,50,"0,2"
3010401,50,"0,1"
3010402,70,"0,1"
3010601,80,"0,1"
3010602,80,"0,1"
3010801,20,"0,1"
3010802,20,"0,1"
3011000,10,"0,2"
3011200,23,"0,2"
3011400,60,"0,2"
3011600,80,"0,2"
3011700,26,"0,2"
3011800,50,"0,2"
3011901,56,"0,5"
3012000,50,"0,2"
3012100,26,"0,1"
3012200,50,"0,2"
3012600,10,"0,2"
3012700,50,"0,2"
3012801,10,"0,1"
3012901,50,"0,1"
3012902,70,"0,1"
3013000,10,"0,2"
3013100,26,"0,2"
3013200,10,"0,2"
3013300,50,"0,1"
3013400,10,"0,3"
3013500,23,"0,2"
3013600,10,"0,2"
3013700,23,"0,2"
3013800,90,"0,2"
3013900,94,"0,2"
3014000,90,"0,1"
3014101,94,"0,1"
3014102,94,"0,1"
3014200,90,"0,2"
3014300,94,"0,2"
3014500,94,"0,2"
3014700,94,"0,1"
3014800,26,"0,1"
3014901,94,"0,1"
3014902,94,"0,2"
3015000,26,"0,1"
3015100,94,"0,1"
3015200,15,"0,3"
3015300,94,"0,2"
3015500,23,"0,1"
3015700,50,"0,2"
3015900,50,"0,3"
3016000,90,"0,3"
3016100,70,"0,2"
3016200,15,"0,2"
3016300,70,"0,2"
3016400,70,"0,8"
3016500,50,"0,2"
3016600,90,"0,3"
3016700,94,"0,2"
3016800,70,"0,2"
3016900,94,"0,2"
3017000,94,"0,2"
3017100,94,"0,2"
3017200,94,"0,2"
3017400,70,"0,2"
3017600,90,"0,1"
3017800,90,"0,2"
3017900,80,"0,2"
3018000,94,"0,2"
3018100,80,"0,2"
3018200,90,"0,2"
3018300,80,"0,1"
3018400,90,"0,1"
3018501,80,"0,1"
3018600,90,"0,1"
3018700,80,"0,1"
3018800,90,"0,2"
3019000,90,"0,2"
3019100,80,"0,3"
3019200,70,"0,2"
3019300,70,"0,3"
3019400,50,"0,2"
3019500,80,"0,1"
3019600,90,"0,2"
3019700,80,"0,2"
3019800,90,"0,1"
3019900,80,"0,2"
3020000,26,"0,1"
3020100,70,"0,2"
3020200,80,"0,1"
3020300,70,"0,1"
3020400,80,"0,1"
3020500,20,"0,2"
3020600,80,"0,2"
3020700,20,"0,1"
3020800,90,"0,1"
3021000,50,"0,1"
3021100,80,"0,3"
3021200,50,"0,2"
3021300,70,"0,2"
3021400,70,"0,2"
3021500,70,"0,2"
3021600,80,"0,2"
3021700,70,"0,1"
3021800,80,"0,2"
3021900,80,"0,1"
3022000,80,"0,2"
3022100,80,"0,2"
3022200,80,"0,2"
3022400,70,"0,2"
3022600,70,"0,2"
3022700,70,"0,2"
3022800,70,"0,2"
3022900,70,"0,2"
3023000,70,"0,2"
3023100,70,"0,2"
3023200,70,"0,2"
3023300,70,"0,2"
3023400,70,"0,2"
3023500,17,"0,1"
3023600,70,"0,2"
3023800,70,"0,2"
3024000,70,"0,2"
3024100,30,"0,2"
3024200,50,"0,2"
3024300,70,"0,2"
3024400,56,"0,2"
3024500,70,"0,2"
3024600,56,"0,2"
3024700,70,"0,2"
3024800,50,"0,2"
3024900,70,"0,2"
3025000,50,"0,2"
3025100,70,"0,1"
3025200,50,"0,2"
3025300,30,"0,2"
3025400,56,"0,2"
3025500,30,"0,1"
3025600,50,"0,2"
3025700,23,"0,2"
3025800,50,"0,2"
3025901,80,"0,1"
3025902,80,"0,1"
3026000,50,"0,2"
3026100,80,"0,2"
3026200,50,"0,2"
3026300,80,"0,1"
3026400,50,"0,2"
3026500,80,"0,2"
3026600,50,"0,2"
3026700,70,"0,2"
3026800,0,"0,2"
3026900,70,"0,1"
3027000,56,"0,1"
3027100,80,"0,2"
3027200,56,"0,1"
3027300,80,"0,1"
3027400,70,"0,2"
3027500,80,"0,2"
3027600,90,"0,1"
3027700,80,"0,2"
3027800,90,"0,2"
3027900,80,"0,2"
3028000,90,"0,1"
3028100,80,"0,2"
3028200,26,"0,2"
3028300,80,"0,1"
3028400,70,"0,2"
3028501,23,"0,1"
3028502,80,"0,1"
3028600,26,"0,2"
3028700,80,"0,1"
3028800,70,"0,2"
3028900,80,"0,2"
3029000,70,"0,2"
3029100,80,"0,2"
3029200,70,"0,2"
3029300,80,"0,2"
3029400,70,"0,2"
3029500,80,"0,2"
3029600,70,"0,2"
3029700,80,"0,2"
3029800,70,"0,2"
3029900,80,"0,1"
3030000,70,"0,2"
3030100,60,"0,2"
3030200,70,"0,2"
3030300,60,"0,3"
3030400,70,"0,5"
3030500,6,"0,3"
3030600,70,"0,2"
3030700,80,"0,3"
3030800,70,"0,7"
3030900,80,"0,2"
3031100,80,"0,2"
3031300,80,"0,2"
3031401,56,"0,4"
3031500,80,"0,2"
3031701,80,"0,1"
3031702,80,"0,1"
3031900,80,"0,2"
3032100,80,"0,2"
3032300,80,"0,2"
3032500,80,"0,2"
3032600,50,"0,3"
3032700,70,"0,2"
3032800,56,"0,2"
3032900,23,"0,2"
3033000,56,"0,4"
3033100,23,"0,1"
3033300,23,"0,2"
3033500,80,"0,2"
3033600,0,"0,7"
3033701,80,"0,1"
3033702,80,"0,1"
3033900,80,"0,2"
3034000,0,"0,1"
3034100,80,"0,1"
3034200,0,"0,2"
3034300,80,"0,2"
3034500,80,"0,2"
3034700,80,"0,1"
3034800,60,"0,6"
3034901,80,"0,1"
3034902,80,"0,1"
3035000,26,"0,2"
3035101,80,"0,1"
3035102,80,"0,1"
3035200,56,1
3035301,80,"0,1"
3035302,80,"0,1"
3035400,90,"0,4"
3035500,0,"0,1"
3035601,26,"0,1"
3035602,56,"0,2"
3035701,80,"0,1"
3035900,80,"0,2"
3036001,56,"0,1"
3036002,56,"0,1"
3036100,80,"0,1"
3036200,56,"0,2"
3036300,80,"0,3"
3036400,56,"0,1"
3036501,60,"0,1"
3036502,80,"0,1"
3036600,56,"0,2"
3036700,60,"0,2"
3036900,80,"0,2"
3037000,56,"0,3"
3037100,60,"0,2"
3037300,94,"0,2"
3037401,56,"0,2"
3037402,60,"0,3"
3037500,94,"0,2"
3037700,80,"0,2"
3037900,80,"0,2"
3038100,80,"0,2"
3038200,70,"0,2"
3038300,80,"0,2"
3038500,80,"0,2"
3038600,70,"0,3"
3038700,94,"0,2"
3038800,50,"0,2"
3038900,40,"0,2"
3039000,70,"0,2"
3039100,40,"0,2"
3039200,70,"0,2"
3039300,80,"0,2"
3039400,50,"0,2"
3039500,94,"0,2"
3039600,50,"0,2"
3039700,94,"0,2"
3039800,50,"0,2"
3039900,94,"0,2"
3040000,50,"0,2"
3040100,94,"0,2"
3040200,50,"0,2"
3040300,80,"0,2"
3040400,50,"0,2"
3040500,60,"0,1"
3040600,50,"0,1"
3040800,50,"0,2"
3040900,56,"0,2"
3041000,50,"0,1"
3041100,50,"0,1"
3041200,50,"0,2"
3041300,94,"0,2"
3041401,50,"0,1"
3041402,50,"0,2"
3041500,70,"0,2"
3041600,50,"0,2"
3041700,70,"0,1"
3041800,0,"0,2"
3041900,90,"0,2"
3042000,0,"0,2"
3042100,90,"0,2"
3042200,50,"0,2"
3042300,9,"0,2"
3042400,50,"0,2"
3042500,9,"0,2"
3042600,50,"0,2"
3042700,40,"0,1"
3042800,50,"0,2"
3042900,40,"0,2"
3043000,0,"0,2"
3043100,90,"0,2"
3043200,15,"0,1"
3043300,80,"0,2"
3043400,56,"0,1"
3043500,70,"0,2"
3043600,15,"0,1"
3043700,94,"0,2"
3043800,56,"0,2"
3043900,94,"0,2"
3044000,56,"0,2"
3044100,80,"0,1"
3044200,0,"0,2"
3044300,30,"0,2"
3044400,15,"0,2"
3044500,30,"0,2"
3044600,15,"0,1"
3044700,30,"0,2"
3044800,56,"0,2"
3044901,9,"0,4"
3044902,30,"1,7"
3045000,56,"0,2"
3045200,0,"0,2"
3045300,40,"0,3"
3045400,0,"0,1"
3045600,9,"0,2"
3045800,40,"0,2"
3046000,9,"0,2"
3046201,70,"0,1"
3046202,56,"0,2"
3046400,70,"0,2"
3046800,56,"0,3"
3047000,70,"0,2"
3047200,70,"0,2"
3047400,70,"0,2"
3047600,70,"0,2"
3047700,9,"0,2"
3047800,70,"0,2"
3048000,70,"0,2"
3048100,20,"0,2"
3048200,26,"0,2"
3048400,70,"0,2"
3048500,40,"0,6"
3048600,70,"0,2"
3048800,70,"0,1"
3048900,30,"0,1"
3049000,70,"0,2"
3049100,50,"0,2"
3049200,26,"0,2"
3049301,20,"0,1"
3049302,20,"0,2"
3049400,23,"0,2"
3049500,20,"0,1"
3049600,70,"0,2"
3049700,9,"0,2"
3049800,23,"0,2"
3049900,9,"0,1"
3050001,23,"0,1"
3050002,10,"0,1"
3050100,13,"0,2"
3050202,94,"0,1"
3050300,20,"0,1"
3050401,70,"0,1"
3050402,17,"0,1"
3050500,20,"0,2"
3050600,70,"0,2"
3050700,30,"0,2"
3050801,70,"0,1"
3050803,70,"0,1"
3050804,70,"0,1"
3050900,50,"0,1"
3051001,40,"0,1"
3051002,40,"0,1"
3051100,50,"0,2"
3051200,9,"0,1"
3051300,23,"0,3"
3051400,40,"0,2"
3051500,13,"0,2"
3051601,9,"0,1"
3051602,40,"0,1"
3051700,13,"0,2"
3051800,9,"0,2"
3051900,13,"0,3"
3052000,9,"0,2"
3052300,13,"0,1"
3052500,40,"0,1"
3052600,9,"0,2"
3052700,50,"0,2"
3052800,9,"0,2"
3052900,50,"0,2"
3053000,9,"0,2"
3053101,40,"0,1"
3053102,40,"0,1"
3053200,56,"0,2"
3053300,40,"0,2"
3053400,0,"0,2"
3053500,40,"0,1"
3053700,40,"0,2"
3053800,56,"0,2"
3053900,40,"0,1"
3054200,0,"0,2"
3054400,0,"0,2"
3054500,40,"0,2"
3054600,56,"0,2"
3054700,40,"0,2"
3054800,56,"0,2"
3054900,40,"0,2"
3055000,56,"0,2"
3055100,13,"0,2"
3055200,0,"0,2"
3055300,13,"0,2"
3055400,0,"0,2"
3055500,13,"0,3"
3055600,0,"0,2"
3055700,13,"0,3"
3055800,0,"0,2"
3056000,26,"0,2"
3056100,9,"0,3"
3056200,26,"0,2"
3056301,9,"0,2"
3056302,9,"0,2"
3056400,50,"0,2"
3056500,9,"0,2"
3056600,50,"0,2"
3056800,50,"0,1"
3056900,9,"0,1"
3057000,50,"0,3"
3057100,9,"0,2"
3057200,50,"0,2"
3057300,9,"0,2"
3057400,26,"0,2"
3057500,9,"0,2"
3057600,26,"0,2"
3057800,26,"0,2"
3057901,9,"0,2"
3058000,0,"0,2"
3058200,0,"0,2"
3058400,56,"0,2"
3058600,56,"0,2"
3058800,56,"0,2"
3058901,9,"0,2"
3059000,56,"0,2"
3059100,9,"0,2"
3059200,26,"0,2"
3059300,9,"0,2"
3059402,26,"0,3"
3059403,26,"0,2"
3059404,26,"0,2"
3059600,26,"0,2"
3059800,26,"0,2"
3060000,26,"0,4"
3060600,56,"0,2"
3060800,56,"0,4"
3061002,56,"0,2"
3061003,56,"0,1"
3061004,56,"0,2"
3061200,56,"0,2"
3061600,56,"0,7"
3062000,56,"0,3"
3062200,26,"0,2"
3062600,50,"0,3"
3062800,50,"0,8"
3063200,50,"0,1"
3063600,50,"0,1"
3063800,50,"0,1"
3064000,50,"0,2"
3064200,70,"0,2"
3064400,70,"0,2"
3064600,50,"0,2"
3064800,50,"0,2"
3065000,70,"0,2"
3065200,50,"0,2"
3065400,50,"0,2"
3065600,50,"0,2"
3065800,50,"0,2"
3066000,50,"0,2"
3066200,50,"0,2"
3067000,50,"0,2"
3067200,50,"0,2"
3067400,50,"0,2"
3067600,7,"0,2"
3067800,7,"0,2"
3068000,7,"0,2"
3068200,50,"0,2"
3068600,50,"0,1"
3068800,50,"0,2"
3069000,7,"0,2"
3069200,7,"0,2"
3069601,30,"0,4"
3069602,30,"0,7"
3069800,50,"0,5"
3070000,7,"0,2"
3070201,7,1
3070601,7,"0,4"
3072000,30,"0,2"
3072200,30,"0,3"
3072400,26,"0,2"
3072600,60,"0,3"
3072800,7,"0,2"
3073000,56,"0,2"
3073200,56,"0,2"
3073400,56,"0,2"
3073600,56,"0,2"
3073800,70,"0,2"
3074000,56,"0,2"
3074200,56,"0,2"
3074400,56,"0,2"
3074600,70,"0,2"
3074800,56,"0,2"
3075000,56,"0,2"
3075200,56,"0,2"
3075400,56,"0,2"
3075600,56,"0,2"
3075800,56,"0,2"
3076000,56,"0,2"
3076200,56,"0,2"
3076400,9,"0,2"
3076600,9,"0,1"
3076800,56,"0,3"
3077000,9,"0,2"
3077200,56,"0,4"
3077400,56,"0,1"
3077600,56,"0,2"
3078000,56,"0,2"
3078200,56,"0,2"
3078400,56,"0,2"
3078601,56,"0,1"
3078602,56,"0,1"
3078801,9,"0,1"
3078802,56,"0,1"
3079001,40,"0,1"
3079002,40,"0,1"
3079201,40,"0,1"
3079202,40,"0,1"
3079400,40,"0,2"
3079601,70,"0,1"
3079602,70,"0,1"
3079801,70,"0,1"
3079802,70,"0,1"
3080000,70,"0,2"
3080200,70,"0,2"
3080400,23,"0,2"
3080600,23,"0,2"
3080800,50,"0,3"
3081000,23,"0,2"
3081400,56,"0,2"
3081600,56,"0,2"
3081800,40,"0,2"
3082000,40,"0,1"
3082200,70,"0,2"
3082400,40,"0,2"
3082600,40,"0,2"
3082800,40,"0,2"
3083000,70,"0,2"
3083200,70,"0,1"
3083400,70,"0,1"
3083600,56,"0,2"
3083800,60,"0,2"
3084000,60,"0,2"
3084600,26,"0,2"
3084800,50,"0,1"
3085000,50,"0,1"
3085400,70,"0,1"
3085600,50,"0,2"
3085800,56,"0,1"
3086000,50,"0,2"
3086200,50,"0,1"
3086400,56,"0,2"
3086600,50,"0,2"
3086800,50,"0,2"
3087000,50,"0,2"
3087200,50,"0,1"
3087401,0,"0,1"
3087600,50,"0,1"
3087800,50,"0,2"
3088001,50,"0,1"
3088002,50,"0,1"
3088200,56,"0,2"
3088400,56,"0,2"
3088600,56,"0,2"
3088800,50,"0,2"
3089000,70,"0,2"
3089200,80,"0,2"
3089400,70,"0,2"
3089600,40,"0,1"
3089800,70,"0,2"
3090000,80,"0,2"
3090200,80,"0,2"
3090600,80,"0,2"
3090800,80,"0,3"
3091000,70,"0,2"
3091200,60,"0,2"
3091600,70,"0,2"
3091800,70,"0,2"
3092000,56,"0,2"
3092200,40,"0,2"
3092400,80,"0,3"
3092800,50,"0,2"
3093000,26,"0,2"
3093200,60,"0,3"
3093400,26,"0,2"
3093600,50,"0,2"
3093800,50,"0,1"
3094401,50,"0,4"
3094402,50,"0,1"
3094600,50,"0,3"
3095000,50,"0,2"
3095400,50,"0,2"
3095600,15,"0,2"
3095800,50,"0,2"
3096000,50,"0,4"
3096200,50,"0,2"
3096400,15,"0,2"
3096600,70,"0,2"
3096800,70,"0,1"
3097000,70,"0,2"
3097400,70,"0,3"
3098200,70,"0,3"
3098400,56,"0,1"
3098600,70,"0,2"
3098800,70,"0,2"
3099000,70,"0,2"
3099200,15,"0,1"
3099400,15,"0,2"
3099600,15,"0,2"
3099800,15,"0,4"
3100400,15,"0,1"
3100600,15,"0,2"
3100800,15,"0,1"
3101000,70,"0,2"
3101200,70,"0,2"
3101400,56,"0,2"
3101600,56,"0,1"
3101800,56,"0,2"
3102000,56,"0,2"
3102200,56,"0,2"
3102400,70,"0,1"
3102600,15,"0,1"
3102801,70,"0,2"
3103401,70,"0,2"
3105801,50,"0,4"
3105804,70,"0,7"
3107001,50,"1,2"
3107800,50,"0,5"
3109800,70,"0,9"
3110400,50,"0,7"
3110600,50,"0,2"
3111000,50,"0,1"
3111600,50,"0,5"
3111800,50,"0,2"
3112000,90,"0,2"
3112200,90,"0,2"
3112400,90,"0,2"
3112600,50,"0,2"
3112800,56,"0,2"
3113000,56,"0,2"
3113200,70,"0,2"
3113400,70,"0,2"
3114201,94,"0,3"
3114202,80,"0,1"
3114400,90,"0,4"
3114600,80,"0,2"
3115000,90,"0,2"
3115200,90,"0,2"
3115600,50,"0,2"
3115800,50,"0,2"
3116000,50,"0,2"
3116200,90,"0,1"
3116400,80,"0,2"
3116600,80,"0,2"
3116800,80,"0,1"
3117000,90,"0,2"
3117201,80,"0,1"
3117202,80,"0,2"
3117400,80,"0,2"
3117601,80,"0,2"
3117602,9,"0,1"
3117800,80,"0,1"
3118201,9,"0,1"
3118202,10,"0,1"
3118400,10,"0,2"
3118600,10,"0,1"
3118800,56,"0,2"
3119000,80,"0,1"
3119200,80,"0,2"
3119400,80,"0,2"
3119600,80,"0,3"
3119800,90,"0,3"
3120000,50,"0,2"
3120200,56,"0,2"
3120801,50,"0,2"
3120802,50,"0,1"
3120803,56,"0,2"
3121000,50,"0,2"
3121400,50,"0,2"
3122000,56,"1,1"
3123700,50,"0,3"
3150200,94,"0,3"
3152200,17,"0,4"
4000101,60,"0,3"
4000102,60,"0,1"
4000103,60,"0,2"
4000104,70,"0,6"
4000200,40,"0,2"
4000400,10,"0,2"
4000600,6,"0,2"
4000701,60,"0,2"
4000702,60,"0,3"
4000800,6,"0,2"
4001000,6,"0,2"
4001200,40,"0,2"
4001400,40,"0,2"
4001600,6,"0,2"
4001800,6,"0,2"
4001901,70,"0,2"
4001902,70,"0,2"
4001903,60,"0,5"
4002000,56,"0,1"
4002200,40,"0,1"
4002400,40,"0,1"
4002500,60,"0,2"
4002600,40,"0,1"
4002800,56,"0,2"
4003000,56,"0,1"
4003100,70,"0,2"
4003200,56,"0,2"
4003301,70,"0,2"
4003302,60,"0,3"
4003400,9,"0,2"
4003600,9,"0,2"
4003700,70,"0,4"
4003800,56,"0,2"
4003900,60,"0,1"
4004001,56,"0,2"
4004002,56,"0,1"
4004200,56,"0,2"
4004300,60,"0,2"
4004401,56,"0,3"
4004500,70,"0,2"
4004700,60,"0,2"
4005100,60,"0,1"
4005200,56,"0,1"
4005300,70,"0,2"
4005400,56,"0,4"
4005500,70,"0,2"
4005700,60,"0,2"
4005800,56,"0,6"
4005900,70,"0,2"
4006100,56,"0,2"
4006201,56,"0,4"
4006202,56,"1,2"
4006300,56,"0,2"
4006501,56,"0,1"
4006502,56,"0,2"
4006900,40,"0,2"
4007100,40,"0,2"
4007300,40,"0,1"
4007500,70,"0,1"
4007700,40,"0,1"
4007900,40,"0,2"
4008100,40,"0,1"
4008300,40,"0,2"
4008500,60,"0,3"
4008600,56,"0,3"
4008700,40,"0,3"
4008800,56,"0,5"
4009100,40,"0,2"
4009400,56,"0,2"
4009500,56,"0,2"
4009600,56,"0,2"
4009700,15,"0,2"
4009800,56,"0,1"
4010000,0,"0,2"
4010100,15,"0,2"
4010200,26,"0,2"
4010300,15,"0,3"
4010400,26,"0,2"
4010500,15,"0,2"
4010600,26,"0,2"
4010701,15,"1,6"
4010800,0,"0,2"
4011000,56,"0,2"
4011100,15,"0,2"
4011200,56,"0,2"
4011300,15,"0,2"
4011400,56,"0,1"
4011500,15,"0,2"
4011600,56,"0,1"
4011700,15,"0,2"
4011800,0,"0,2"
4011900,15,"0,1"
4012000,0,"0,1"
4012100,15,"0,1"
4012200,0,"0,2"
4012301,15,"0,6"
4012400,0,"0,2"
4012500,56,"0,2"
4012601,0,"0,2"
4012602,6,"0,1"
4012800,20,"0,2"
4013000,20,"0,2"
4013200,0,"0,2"
4013400,80,"0,2"
4013500,15,"0,1"
4013600,80,"0,2"
4013700,56,"0,2"
4013800,80,"0,2"
4014000,80,"0,2"
4014100,15,"0,2"
4014201,30,"0,2"
4014202,30,"0,6"
4014300,15,"0,1"
4014400,30,"0,2"
4014500,15,"0,1"
4014700,15,"0,1"
4014800,0,"0,2"
4014900,15,"0,1"
4015000,0,"0,1"
4015100,15,"0,1"
4015200,0,"0,2"
4015300,15,"0,1"
4015400,0,"0,2"
4015500,70,"0,1"
4015600,30,"0,2"
4015700,70,"0,1"
4015801,30,"0,3"
4015802,30,"0,3"
4015900,70,"0,2"
4016100,70,"0,1"
4016300,15,"0,2"
4016400,30,"0,2"
4016600,26,"0,2"
4016800,30,"0,2"
4016900,15,"0,2"
4017000,30,"0,2"
4017200,30,"0,2"
4017400,26,"0,2"
4017600,26,"0,2"
4017800,26,"0,2"
4017901,40,"0,1"
4017902,40,"0,4"
4018000,26,"0,1"
4018101,40,"0,1"
4018102,40,"0,1"
4018200,26,"0,3"
4018300,40,"0,2"
4018401,26,"0,2"
4018402,26,"0,2"
4018501,20,"0,1"
4018502,20,"0,1"
4018600,26,"0,2"
4018700,26,"0,2"
4018800,30,"0,2"
4018900,20,"0,2"
4019000,30,"0,2"
4019200,30,"0,2"
4019400,30,"0,3"
4019600,30,"0,2"
4019800,30,"0,2"
4019901,26,"0,3"
4019902,50,"0,6"
4020200,30,"0,2"
4020400,30,"0,3"
4020500,26,"0,6"
4020600,30,"0,1"
4020800,30,"0,5"
4021200,30,"0,2"
4021400,30,"0,4"
4021601,80,"0,2"
4021602,30,"0,1"
4021900,80,"1,3"
4022001,60,"0,4"
4022002,30,"0,3"
4023000,30,"0,2"
4023200,30,"0,3"
4023501,20,"0,1"
4023502,20,"0,1"
4023600,30,"0,2"
4023800,30,"0,2"
4024000,30,"0,3"
4024300,80,"0,6"
4024500,70,"0,3"
4024600,30,"0,3"
4024700,70,"0,1"
4024900,70,"0,2"
4025100,56,"0,2"
4025301,40,"0,1"
4025302,40,"0,1"
4025401,30,"0,3"
4025402,30,"0,4"
4025500,56,"0,2"
4025700,15,"0,2"
4025800,30,"0,2"
4025900,56,"0,2"
4026000,30,"0,2"
4026100,56,"0,2"
4026200,30,"0,1"
4026300,90,"0,2"
4026400,30,"0,3"
4026501,94,"0,1"
4026502,15,"0,1"
4026600,50,"0,2"
4026700,94,"0,2"
4026901,94,"0,1"
4026902,20,"0,1"
4027000,30,"0,2"
4027101,20,"0,1"
4027102,0,0
4027200,30,"0,2"
4027301,90,"0,1"
4027302,90,"0,1"
4027400,30,"0,1"
4027500,90,"0,2"
4027600,30,"0,2"
4027701,100,"0,1"
4027702,100,"0,1"
4027800,30,"0,2"
4027900,100,"0,2"
4028000,50,"0,2"
4028100,100,"0,2"
4028200,50,"0,2"
4028300,100,"0,2"
4028400,30,"0,4"
4028500,100,"0,2"
4028700,100,"0,2"
4028801,26,"0,2"
4028802,30,"0,2"
4028803,30,"0,4"
4028900,26,"0,2"
4029100,90,"0,3"
4029300,56,"0,2"
4029400,26,"1,1"
4029500,15,"0,2"
4029700,90,"0,5"
4030600,26,"1,4"
4030903,100,"0,4"
4030904,90,"0,4"
4030905,90,"0,2"
4030906,90,"0,2"
4031700,56,"0,8"
4032000,17,"1,1"
4032700,90,"0,2"
4032800,17,"0,4"
4032900,90,"0,4"
4033000,17,"0,8"
4033401,40,"0,6"
4033403,26,"0,3"
4033404,26,"0,2"
4033405,17,"0,3"
4033700,90,"0,2"
4033900,90,"0,2"
4034700,90,"0,4"
4035100,90,"0,1"
4035200,40,"0,6"
4035300,90,"0,2"
4035700,90,"0,6"
4035800,40,"0,5"
4036100,90,"0,2"
4036300,90,"0,1"
4036500,90,"0,2"
4036600,40,"0,4"
4036700,90,"0,2"
4036800,40,"0,2"
4037100,90,"0,2"
4037300,90,"0,2"
4037501,13,"0,1"
4037502,90,"0,1"
4037600,40,"0,8"
4037700,90,"0,1"
4037900,90,"0,2"
4038100,20,"0,3"
4038301,56,"0,6"
4038400,40,"0,3"
4039400,40,"0,3"
4039800,40,"0,2"
4039901,13,"0,1"
4039902,20,"0,1"
4040000,40,"0,2"
4040101,13,"0,1"
4040102,13,"0,1"
4040200,40,"0,2"
4040301,13,"0,1"
4040302,13,"0,1"
4040400,7,"0,5"
4040501,13,"0,1"
4040502,13,"0,1"
4040701,13,"0,1"
4040702,90,"0,1"
4040901,13,"0,1"
4040902,90,"0,1"
4041100,70,"0,1"
4041300,13,"0,2"
4041400,30,"0,5"
4041500,13,"0,2"
4042400,40,"0,5"
4042600,40,"0,5"
4042700,13,"0,2"
4043200,40,"0,2"
4043400,40,"0,2"
4043701,13,"0,1"
4043702,13,"0,2"
4043900,13,"0,2"
4044000,30,"0,4"
4044301,13,"0,1"
4044302,70,"0,3"
4044400,50,"0,9"
4044601,30,"0,2"
4044602,30,"0,2"
4044800,30,"0,2"
4045000,30,"0,2"
4045200,30,"0,2"
4045400,30,"0,2"
4045500,70,"0,1"
4045600,30,"0,2"
4045700,94,"0,2"
4045800,7,"0,2"
4045900,94,"0,1"
4046000,30,"0,2"
4046100,94,"0,1"
4046200,7,"0,2"
4046300,94,"0,2"
4046400,90,"0,2"
4046500,13,"0,1"
4046600,7,"0,2"
4046700,56,"0,1"
4046800,7,"0,2"
4046901,20,"0,1"
4046902,13,"0,1"
4047000,7,"0,2"
4047100,80,"0,2"
4047200,90,"0,5"
4047300,80,"0,2"
4047500,80,"0,3"
4047600,90,"0,5"
4047801,90,"0,5"
4047802,17,"0,1"
4047900,80,"0,4"
4048000,7,"0,2"
4048100,20,"0,1"
4048200,7,"0,2"
4048301,20,"0,1"
4048302,20,"0,1"
4048400,17,"0,4"
4048500,20,"0,3"
4048900,80,"0,4"
4049201,56,"0,3"
4049202,17,"0,2"
4049301,80,"0,2"
4049302,80,"0,3"
4049500,80,"0,1"
4049600,17,"0,3"
4049700,80,"0,2"
4049900,80,"0,5"
4050000,17,"0,3"
4050201,7,"0,2"
4050202,17,"0,2"
4050400,7,"0,2"
4050500,80,"0,1"
4050600,7,"0,2"
4050700,80,"0,4"
4050800,7,"0,2"
4051000,17,"0,2"
4051100,80,"0,3"
4051200,17,"0,4"
4051300,80,"0,2"
4051500,80,"0,2"
4051600,7,"0,2"
4051700,80,"0,3"
4051800,7,"0,2"
4052000,7,"0,2"
4052100,80,"0,2"
4052200,7,"0,2"
4052400,7,"0,2"
4052500,80,"0,2"
4052600,40,"0,2"
4052800,40,"0,2"
4053000,7,"0,2"
4053100,80,"0,4"
4053200,7,"0,2"
4053401,7,"0,3"
4053501,10,"0,2"
4053601,17,"0,2"
4053800,17,"0,2"
4053901,30,"0,4"
4053902,10,"0,2"
4054000,17,"0,5"
4054200,17,"0,5"
4054500,10,"0,1"
4054700,26,"0,1"
4054800,17,"0,2"
4054900,80,"0,2"
4055100,26,"0,2"
4055200,56,"0,4"
4055300,94,"0,1"
4055400,50,"0,2"
4055500,56,"0,2"
4055600,17,"0,2"
4055700,9,"0,2"
4055800,17,"0,2"
4055900,56,"0,2"
4056000,17,"0,2"
4056200,17,"0,2"
4056400,17,"0,2"
4056500,9,"0,1"
4056600,17,"0,2"
4056700,9,"0,3"
4056800,17,"0,8"
4057700,9,"0,2"
4057900,0,"0,1"
4058000,17,"0,5"
4058100,9,"0,1"
4058200,17,"0,6"
4058300,9,"0,1"
4058500,26,"0,2"
4058700,26,"0,1"
4058900,26,"0,2"
4059000,7,"0,2"
4059100,10,"0,2"
4059200,7,"0,2"
4059300,10,"0,3"
4059400,7,"0,2"
4059501,10,"0,2"
4059502,80,"0,2"
4059600,7,"0,2"
4059800,7,"0,2"
4059900,80,"0,1"
4060000,40,"0,2"
4060100,80,"0,2"
4060300,80,"0,2"
4060600,40,"0,2"
4060800,40,"0,2"
4061000,40,"0,2"
4061200,40,"0,3"
4061301,50,"0,7"
4061400,40,"0,3"
4061601,40,"0,4"
4061602,40,"0,4"
4061800,17,"0,2"
4061900,9,"0,2"
4062000,40,"0,2"
4062100,56,"0,3"
4062200,40,"0,4"
4062300,9,"0,2"
4062500,0,"0,2"
4062600,40,"0,4"
4062700,0,"0,2"
4062900,9,"0,2"
4063000,40,"0,2"
4063200,40,"0,3"
4063301,9,"0,1"
4063302,9,"0,1"
4063500,20,"0,2"
4063700,80,"0,7"
4063800,17,"0,7"
4063900,80,"0,2"
4064101,40,"0,1"
4064500,80,"0,3"
4064600,17,"0,4"
4065000,17,"0,4"
4065401,17,"0,4"
4065402,17,"0,3"
4065600,17,"0,6"
4065702,40,"0,1"
4065703,40,"0,3"
4065900,40,"0,2"
4066000,17,"0,4"
4066100,15,"0,1"
4066301,0,"0,3"
4066302,15,"0,2"
4066401,17,"1,1"
4066402,17,"0,4"
4066403,17,"0,4"
4066501,80,"0,3"
4066701,80,"0,3"
4066900,80,"0,2"
4067100,80,"0,2"
4067700,9,"0,2"
4067900,80,"0,3"
4068000,17,"0,8"
4068200,17,"0,2"
4068300,94,"0,2"
4068700,80,"0,3"
4069000,17,"0,3"
4069300,80,"0,1"
4069400,17,"0,5"
4069500,80,"0,2"
4069701,80,"0,1"
4069702,80,"0,4"
4070300,80,"0,2"
4070700,80,"0,2"
4070900,80,"0,2"
4071100,80,"0,4"
4071303,20,"0,1"
4071304,20,"0,2"
4071305,80,"0,1"
4071306,80,"0,2"
4071701,20,"0,2"
4071702,94,"0,2"
4071900,56,"0,2"
4072100,20,"0,2"
4072300,80,"0,5"
4072900,80,"0,2"
4073100,80,"0,2"
4073700,80,"0,2"
4073900,80,"0,2"
4074100,20,"0,2"
4074300,20,"0,2"
4074500,56,"0,2"
4074700,20,"0,3"
4074900,80,"0,4"
4075701,80,"0,2"
4075702,80,"0,4"
4076901,80,"0,2"
4076902,80,"0,1"
4077300,80,"0,3"
4077500,80,"0,2"
4077902,70,"0,6"
4077903,70,"0,3"
4077904,70,"0,4"
4077905,70,"0,3"
4077906,70,"0,3"
4077907,70,"0,2"
4077908,70,"0,2"
4078800,26,"0,2"
4079000,26,"0,3"
4079200,26,"0,4"
4079701,56,"0,1"
4079702,70,"0,3"
4079900,56,"0,3"
4080301,70,"0,3"
4080302,70,"0,4"
4080900,70,1
4081400,26,"0,4"
4081800,26,"0,4"
4083700,56,"0,8"
4083800,26,"0,5"
4084000,26,"0,6"
4084500,56,"0,2"
4084601,26,"0,3"
4084602,56,"0,7"
4084901,70,"0,2"
4084902,9,"0,1"
4085300,56,"0,2"
4085500,9,"0,1"
4085700,56,"0,1"
4085900,56,"0,1"
4086100,56,"0,1"
4086300,9,"0,1"
4086400,26,"1,1"
4086500,80,"0,2"
4086900,100,"0,6"
4087100,56,"0,4"
4088400,56,"1,5"
4088902,100,"0,3"
4088903,100,"0,4"
4089201,56,"1,8"
4090700,100,2
4091603,15,"1,9"
4091900,100,"0,5"
4092200,15,"0,6"
4092500,100,"0,3"
4092800,15,"0,8"
4092900,100,1
4093401,15,"0,5"
4093402,50,"0,4"
4093800,26,"0,8"
4093900,0,"0,7"
4094201,26,"0,3"
4094202,26,"0,7"
4094203,26,"0,5"
4094500,100,"1,5"
4094700,100,"0,3"
4095400,17,"0,8"
4096400,17,"0,9"
4097202,17,"0,6"
4097204,17,"0,4"
4097205,10,"0,2"
4097206,15,"0,3"
4097300,80,"0,5"
4098100,60,"0,6"
4098700,60,"0,7"
4099100,10,"1,1"
4099200,13,"0,6"
4099701,50,1
4099703,70,"0,6"
4099704,70,"0,7"
4099705,60,"0,4"
4099801,13,"0,5"
4099802,13,"0,4"
4100801,13,"0,6"
4100803,13,"0,3"
4100804,13,"0,7"
4101002,13,"0,5"
4101003,13,"0,2"
4101004,13,"0,6"
4101700,50,1
4102900,60,"0,5"
4103201,13,"0,4"
4103202,13,"0,7"
4103300,70,"0,6"
4103900,60,"0,9"
4104700,80,"0,8"
4105900,70,"0,7"
4107201,30,"1,4"
4108500,40,"0,4"
4109300,70,"1,1"
4109700,50,"0,4"
4109900,40,"0,4"
4111300,70,"0,7"
4112300,50,"0,3"
4112900,50,"0,4"
4113300,40,"0,3"
4113900,40,"0,4"
4114100,40,"0,4"
4114700,40,"0,3"
4115100,70,"0,3"
4115500,70,"0,2"
4115700,56,"0,3"
4115900,80,"0,3"
4116100,80,"0,2"
4116301,56,"0,1"
4116302,56,"0,1"
4116700,9,"0,2"
4117100,70,"0,4"
4117500,40,"0,6"
4118100,56,"0,2"
4118500,40,"0,2"
4118700,9,"0,2"
4118900,56,"0,2"
4119100,56,"0,2"
4119300,56,"0,2"
4119500,40,"0,2"
4119900,56,"0,2"
4120100,56,"0,2"
4120300,56,"0,2"
4120500,56,"0,2"
4120701,90,"0,4"
4120702,56,"0,3"
4121500,90,"0,6"
4122300,94,"0,5"
4122702,70,"0,4"
4122703,94,"0,4"
4122704,94,"0,3"
4124100,94,"0,5"
4124700,90,"0,5"
4125700,70,"0,3"
4126500,94,"0,2"
4126700,94,"0,8"
4127700,90,"1,1"
4129102,56,1
4129103,56,"0,5"
4129104,56,"0,7"
4130100,56,"0,7"
4133300,90,"0,7"
4133900,90,"0,2"
4134100,90,"0,6"
4134701,90,"0,5"
4134702,90,"0,6"
4136700,56,"0,8"
4137700,56,"0,8"
4138501,56,1
4139900,56,"0,4"
4140300,56,"0,4"
4140901,56,"0,2"
4140902,90,"0,5"
4141700,90,"0,9"
4142900,90,"0,5"
4143500,56,"0,4"
4144100,56,"0,3"
4144700,50,"0,4"
4145101,56,"0,3"
4145102,56,"0,3"
4145900,90,"0,4"
4146300,50,"0,3"
4146700,50,"0,4"
4147100,50,"0,4"
4147900,70,"0,9"
4148300,70,"1,3"
4150701,20,"0,9"
4150702,20,"0,8"
4152901,70,"1,4"
4152902,70,1
4155101,15,"0,5"
4155103,70,"0,7"
4155104,15,"0,7"
4156700,70,"1,5"
4157101,70,"1,2"
4157102,56,"0,3"
4157901,15,"0,9"
4157902,15,"0,7"
4157903,15,"0,7"
4161700,50,"0,7"
4162100,50,"0,7"
5000300,7,"0,4"
5000600,40,"0,7"
5000700,7,"0,5"
5000800,40,"0,8"
5000900,7,"0,2"
5001100,7,"0,3"
5001700,7,"0,3"
5001800,40,"0,9"
5002001,40,"0,5"
5002002,40,"0,8"
5002100,40,"0,9"
5002700,40,"0,3"
5002900,40,"0,5"
5003300,40,"0,9"
5003600,40,"0,4"
5003900,17,"0,6"
5004001,40,"0,3"
5004002,40,"0,3"
5004003,40,"0,2"
5004004,40,"0,4"
5004700,40,"0,9"
5005000,40,"0,8"
5005901,17,"0,9"
5005902,17,"0,4"
5006400,40,"0,7"
5006700,7,1
5007001,40,"0,5"
5007002,40,"2,2"
5007400,40,"0,5"
5007500,17,"0,5"
5007700,7,"0,2"
5008100,7,"0,8"
5009601,40,"0,8"
5009602,15,"0,6"
5009701,17,"0,7"
5010500,17,"0,8"
5011201,6,"1,6"
5011203,6,1
5011401,6,"0,5"
5011402,6,"0,6"
5012100,17,"0,7"
5012200,15,"0,8"
5012500,17,"0,5"
5012804,6,"0,9"
5012805,9,1
5012806,15,"1,3"
5013201,15,"0,5"
5013203,9,1
5013204,9,1
5013301,17,"0,1"
5013302,17,"0,9"
5013400,15,"0,9"
5013800,15,"1,4"
5014100,17,"0,3"
5014604,56,"1,1"
5014605,40,"0,9"
5014606,40,"1,8"
5014607,70,"0,7"
5014608,40,"0,4"
5014700,17,"1,7"
5015100,50,1
5015601,56,"1,4"
5015602,20,"0,9"
5015603,56,"0,9"
5016901,17,"0,8"
5017005,20,"1,4"
5017007,15,"1,5"
5017009,70,"1,2"
5017011,20,"0,7"
5017012,70,"0,9"
5017013,15,"0,6"
5017014,15,"0,6"
5017015,70,"0,5"
5017016,70,"0,7"
5017300,20,"0,3"
5017600,20,"3,3"
5017701,40,"2,9"
5017702,40,"0,6"
5018100,50,"5,2"
5018701,50,"0,4"
5018703,50,"0,5"
5018704,50,"0,5"
5018901,50,"1,1"
5018902,50,"0,8"
5019700,6,"0,3"
5019800,94,"5,7"
5020100,17,"0,6"
5020701,6,"0,4"
5020702,17,"0,5"
5020803,94,"2,1"
5020804,94,"1,3"
5020805,90,"1,1"
5020806,90,"1,5"
5021300,17,"0,8"
5022300,6,"0,7"
5022601,94,"1,7"
5022602,90,"6,3"
5023100,6,"0,6"
5023900,6,"0,5"
5024401,26,"2,1"
5024402,26,"1,8"
5024700,6,"0,5"
5024800,26,"1,6"
5025100,6,"1,2"
5027301,50,3
5027302,50,1
5027702,50,"1,5"
5027704,50,"0,5"
5027705,50,"0,5"
5027706,50,"0,4"
5027900,70,"5,4"
5029102,50,"9,9"
5029104,50,"1,5"
5029105,50,"1,6"
5029106,50,"0,4"
5030301,50,"0,7"
5030302,50,"0,9"
5031901,6,"0,4"
5031902,6,"0,7"
5032300,50,"3,9"