BoroCT2020,ScoreBaseGroceries,WeightForAggregationGroceries
1000201,92,"0,1"
1000202,91,"0,3"
1000600,92,"0,2"
1000700,63,"0,2"
1000800,92,"0,2"
1000900,46,"0,2"
1001001,90,"0,1"
1001002,91,"0,2"
1001200,89,"0,1"
1001300,59,"0,3"
1001401,93,"0,1"
1001402,94,"0,1"
1001501,83,"0,3"
1001502,73,"0,2"
1001600,95,"0,2"
1001800,95,"0,2"
1002000,90,"0,1"
1002100,68,"0,2"
1002201,91,"0,2"
1002202,92,"0,1"
1002400,91,"0,2"
1002500,92,"0,1"
1002601,91,"0,1"
1002602,90,"0,1"
1002700,94,"0,1"
1002800,84,"0,2"
1002901,93,"0,1"
1002902,94,"0,1"
1003001,95,"0,1"
1003002,95,"0,1"
1003100,91,"0,2"
1003200,94,"0,2"
1003300,90,"0,3"
1003400,92,"0,2"
1003601,99,"0,1"
1003602,98,"0,1"
1003700,77,"0,4"
1003800,98,"0,2"
1003900,66,"0,3"
1004001,96,"0,1"
1004002,99,"0,1"
1004100,96,"0,2"
1004200,99,"0,1"
1004300,96,"0,1"
1004400,91,"0,4"
1004500,94,"0,1"
1004700,93,"0,2"
1004800,96,"0,2"
1004900,93,"0,2"
1005000,98,"0,2"
1005200,98,"0,2"
1005400,96,"0,2"
1005501,96,"0,1"
1005502,98,"0,1"
1005600,97,"0,2"
1005700,100,"0,1"
1005800,96,"0,2"
1005900,100,"0,1"
1006000,91,"0,1"
1006100,99,"0,1"
1006200,91,"0,3"
1006300,96,"0,2"
1006400,94,"0,2"
1006500,94,"0,2"
1006600,93,"0,2"
1006700,90,"0,2"
1006800,95,"0,2"
1006900,53,"0,2"
1007001,92,"0,1"
1007002,95,"0,1"
1007100,93,"0,2"
1007200,93,"0,2"
1007300,82,"0,2"
1007400,95,"0,2"
1007500,43,"0,2"
1007600,95,"0,2"
1007700,82,"0,2"
1007800,92,"0,2"
1007900,38,"0,3"
1008000,91,"0,2"
1008100,92,"0,2"
1008200,93,"0,2"
1008300,68,"0,2"
1008400,94,"0,2"
1008601,82,"0,1"
1008603,67,"0,1"
1008700,92,"0,2"
1008800,91,"0,2"
1008900,73,"0,2"
1009000,91,"0,2"
1009100,93,"0,2"
1009200,90,"0,2"
1009300,84,"0,2"
1009400,91,"0,2"
1009500,92,"0,2"
1009600,92,"0,2"
1009700,84,"0,2"
1009800,90,"0,2"
1009901,22,"0,4"
1009902,35,"0,2"
1009903,18,"0,4"
1010000,87,"0,2"
1010100,92,"0,2"
1010200,82,"0,2"
1010300,86,"0,2"
1010400,91,"0,2"
1010601,56,"0,1"
1010602,65,"0,1"
1010801,87,"0,1"
1010802,90,"0,1"
1010803,90,"0,1"
1010900,92,"0,2"
1011000,90,"0,2"
1011100,88,"0,2"
1011201,90,"0,1"
1011202,78,"0,1"
1011203,80,"0,1"
1011300,92,"0,2"
1011401,76,"0,1"
1011402,85,"0,1"
1011500,83,"0,2"
1011600,76,"0,2"
1011700,33,"0,2"
1011800,91,"0,2"
1011900,91,"0,2"
1012000,83,"0,2"
1012101,90,"0,1"
1012102,83,"0,1"
1012200,73,"0,2"
1012400,70,"0,2"
1012500,91,"0,2"
1012601,92,"0,1"
1012602,93,"0,1"
1012700,90,"0,2"
1012800,87,"0,2"
1012901,44,"0,2"
1012902,50,"0,2"
1013000,81,"0,2"
1013100,90,"0,2"
1013201,77,"0,1"
1013202,66,"0,1"
1013203,85,"0,1"
1013300,85,"0,2"
1013400,91,"0,2"
1013501,54,"0,2"
1013502,43,"0,2"
1013601,80,"0,0"
1013602,72,"0,1"
1013603,90,"0,1"
1013604,79,"0,1"
1013700,87,"0,2"
1013800,92,"0,2"
1013900,77,"0,2"
1014000,80,"0,2"
1014200,68,"0,2"
1014401,79,"0,1"
1014402,68,"0,2"
1014500,82,"0,2"
1014601,92,"0,1"
1014602,92,"0,1"
1014700,67,"0,1"
1014801,90,"0,1"
1014802,90,"0,1"
1014900,84,"0,2"
1015001,84,"0,1"
1015002,76,"0,1"
1015101,73,"0,1"
1015102,32,"0,2"
1015200,73,"0,2"
1015301,79,"0,1"
1015302,91,"0,1"
1015401,92,"0,1"
1015402,91,"0,1"
1015403,93,"0,1"
1015501,81,"0,1"
1015502,37,"0,1"
1015601,92,"0,1"
1015602,91,"0,1"
1015700,80,"0,2"
1015801,91,"0,1"
1015802,91,"0,1"
1015900,64,"0,2"
1016001,87,"0,1"
1016002,90,"0,1"
1016100,73,"0,2"
1016200,61,"0,3"
1016300,59,"0,3"
1016400,90,"0,2"
1016500,79,"0,2"
1016600,91,"0,2"
1016700,70,"0,2"
1016800,90,"0,2"
1016900,86,"0,2"
1017000,72,"0,2"
1017100,70,"0,2"
1017200,86,"0,2"
1017300,81,"0,2"
1017401,92,"0,1"
1017402,92,"0,1"
1017500,70,"0,2"
1017700,87,"0,2"
1017800,43,"0,2"
1017900,71,"0,2"
1018000,68,"0,2"
1018100,91,"0,1"
1018200,72,"0,2"
1018300,71,"0,2"
1018400,82,"0,2"
1018500,88,"0,1"
1018600,91,"0,1"
1018700,72,"0,2"
1018800,61,"0,1"
1018900,88,"0,3"
1019000,90,"0,1"
1019100,74,"0,2"
1019200,54,"0,2"
1019300,90,"0,2"
1019400,57,"0,2"
1019500,74,"0,2"
1019600,64,"0,2"
1019701,90,"0,2"
1019702,91,"0,0"
1019800,79,"0,2"
1019900,76,"0,2"
1020000,89,"0,1"
1020101,89,"0,1"
1020102,90,"0,1"
1020300,90,"0,2"
1020500,49,"0,3"
1020600,72,"0,1"
1020701,85,"0,0"
1020800,83,"0,1"
1020901,91,"0,1"
1021000,66,"0,2"
1021100,65,"0,3"
1021200,69,"0,2"
1021303,90,"0,2"
1021400,64,"0,1"
1021500,91,"0,1"
1021600,91,"0,2"
1021703,81,"0,3"
1021800,91,"0,2"
1021900,72,"0,3"
1022000,91,"0,2"
1022102,90,"0,1"
1022200,90,"0,2"
1022301,64,"0,2"
1022302,62,"0,1"
1022400,88,"0,2"
1022500,54,"0,3"
1022600,79,"0,2"
1022700,76,"0,2"
1022800,82,"0,2"
1022900,63,"0,2"
1023000,73,"0,2"
1023100,77,"0,2"
1023200,65,"0,2"
1023300,63,"0,2"
1023400,70,"0,1"
1023501,72,"0,2"
1023502,72,"0,0"
1023600,58,"0,3"
1023700,63,"0,3"
1023802,89,"0,2"
1023803,91,"0,1"
1023804,90,"0,2"
1023900,73,"0,1"
1024100,76,"0,2"
1024200,65,"0,3"
1024301,74,"0,1"
1024302,66,"0,2"
1024500,65,"0,2"
1024700,53,"0,3"
1024900,66,"0,1"
1025100,72,"0,2"
1025300,65,"0,2"
1025500,27,"0,4"
1025700,89,"0,1"
1025900,72,"0,1"
1026100,59,"0,2"
1026300,79,"0,2"
1026500,62,"0,2"
1026700,73,"0,0"
1026900,55,"0,2"
1027100,78,"0,2"
1027300,44,"0,2"
1027500,24,"0,3"
1027700,62,"0,2"
1027900,66,"0,2"
1028100,58,"0,1"
1028300,77,"0,2"
1028500,64,"0,1"
1028700,17,"0,5"
1029100,57,"0,2"
1029300,49,"0,2"
1029500,28,"0,1"
1029900,37,"0,6"
1030300,43,"0,2"
1030700,45,"0,1"
1030900,36,"0,3"
1031703,23,"0,2"
1031704,45,"0,2"
2000100,0,"1,7"
2000200,2,"0,5"
2000400,3,"0,8"
2001600,10,"0,5"
2001901,52,"0,2"
2001902,32,"0,5"
2001903,21,"0,9"
2002001,13,"0,2"
2002002,23,"0,2"
2002300,61,"0,1"
2002500,50,"0,1"
2002701,36,"0,1"
2002702,28,"0,2"
2002800,23,"0,4"
2003100,26,"0,2"
2003300,23,"0,2"
2003500,50,"0,1"
2003700,49,"0,2"
2003800,38,"0,1"
2003900,54,"0,2"
2004001,30,"0,1"
2004100,52,"0,2"
2004200,21,"0,5"
2004300,55,"0,2"
2004400,29,"0,3"
2004600,28,"0,1"
2004800,36,"0,1"
2005001,35,"0,1"
2005002,34,"0,1"
2005100,64,"0,5"
2005200,29,"0,2"
2005300,74,"0,1"
2005400,33,"0,2"
2005600,45,"0,1"
2005902,72,"0,1"
2006000,40,"0,3"
2006100,65,"0,2"
2006200,52,"0,2"
2006301,64,"0,8"
2006400,40,"0,2"
2006500,62,"0,3"
2006700,68,"0,2"
2006800,37,"0,2"
2006900,68,"0,2"
2007000,53,"0,2"
2007100,70,"0,3"
2007200,43,"0,2"
2007300,57,"0,1"
2007400,13,"0,2"
2007500,68,"0,2"
2007600,53,"0,2"
2007700,62,"0,1"
2007800,23,"0,3"
2007900,58,"0,2"
2008300,35,"0,2"
2008400,12,"0,2"
2008500,41,"0,2"
2008600,13,"0,2"
2008700,40,"0,2"
2008900,39,"0,1"
2009000,3,"1,1"
2009200,39,"0,3"
2009301,22,"0,6"
2009302,7,"1,8"
2009600,26,"0,7"
2009800,10,"0,5"
2011502,35,"0,3"
2011701,14,"0,2"
2011800,2,"1,0"
2011900,41,"0,2"
2012101,46,"0,1"
2012102,42,"0,1"
2012300,36,"0,3"
2012500,53,"0,2"
2012701,60,"0,1"
2012901,50,"0,2"
2013000,20,"0,1"
2013100,56,"0,2"
2013200,3,"0,6"
2013300,65,"0,2"
2013500,66,"0,2"
2013800,4,"0,8"
2014100,68,"0,2"
2014300,81,"0,1"
2014400,7,"0,4"
2014500,70,"0,2"
2014701,66,"0,1"
2014702,72,"0,1"
2014900,60,"0,2"
2015100,51,"0,2"
2015200,12,"0,3"
2015300,51,"0,2"
2015500,52,"0,1"
2015700,34,"0,3"
2015800,24,"0,2"
2015900,43,"0,1"
2016000,14,"0,5"
2016100,35,"0,2"
2016200,22,"0,2"
2016400,20,"0,2"
2016500,47,"0,2"
2016600,13,"0,3"
2016700,60,"0,2"
2016900,67,"0,1"
2017300,77,"0,2"
2017500,73,"0,2"
2017701,81,"0,1"
2017702,75,"0,1"
2017901,81,"0,1"
2017902,76,"0,1"
2018101,83,"0,1"
2018102,74,"0,1"
2018301,72,"0,1"
2018302,74,"0,1"
2018400,25,"0,4"
2018501,73,"0,2"
2018502,70,"0,2"
2018900,69,"0,4"
2019300,74,"0,2"
2019400,27,"0,8"
2019500,64,"0,2"
2019700,67,"0,1"
2019900,86,"0,2"
2020000,54,"0,3"
2020100,82,"0,3"
2020200,59,"0,1"
2020400,60,"0,1"
2020501,74,"0,3"
2020502,82,"0,1"
2020601,50,"0,2"
2020900,71,"0,1"
2021001,70,"0,2"
2021002,63,"0,2"
2021100,66,"0,2"
2021200,79,"0,1"
2021301,74,"0,1"
2021302,73,"0,2"
2021501,67,"0,1"
2021502,63,"0,2"
2021601,48,"0,2"
2021602,57,"0,2"
2021700,52,"0,2"
2021800,50,"0,3"
2021900,73,"0,1"
2022000,36,"0,2"
2022101,80,"0,1"
2022102,69,"0,1"
2022200,62,"0,2"
2022300,65,"0,1"
2022401,44,"0,1"
2022403,37,"0,1"
2022404,32,"0,1"
2022500,67,"0,2"
2022701,66,"0,1"
2022702,76,"0,0"
2022703,80,"0,0"
2022800,38,"0,2"
2022901,59,"0,1"
2022902,65,"0,1"
2023000,35,"0,2"
2023100,60,"0,1"
2023200,36,"0,1"
2023301,65,"0,1"
2023302,59,"0,1"
2023501,62,"0,1"
2023502,61,"0,1"
2023600,48,"0,1"
2023702,66,"0,0"
2023703,58,"0,1"
2023704,58,"0,1"
2023800,51,"0,3"
2023900,55,"0,2"
2024000,40,"0,2"
2024100,60,"0,1"
2024300,51,"0,1"
2024400,47,"0,2"
2024501,53,"0,1"
2024502,59,"0,1"
2024600,39,"0,2"
2024700,68,"0,1"
2024800,30,"0,3"
2024900,61,"0,2"
2025000,32,"0,2"
2025100,51,"0,2"
2025200,47,"0,2"
2025300,59,"0,1"
2025400,30,"0,2"
2025500,52,"0,2"
2025600,47,"0,2"
2025700,58,"0,2"
2026100,57,"0,2"
2026300,55,"0,2"
2026400,20,"0,4"
2026500,53,"0,2"
2026601,21,"0,2"
2026602,34,"0,3"
2026701,62,"0,1"
2026702,53,"0,2"
2026900,49,"0,4"
2027300,47,"0,2"
2027401,19,"0,7"
2027402,6,"0,5"
2027700,41,"0,2"
2027900,30,"0,3"
2028100,32,"0,1"
2028300,35,"0,2"
2028400,35,"1,1"
2028500,31,"0,3"
2028600,43,"0,2"
2028700,32,"0,2"
2028800,31,"0,3"
2028900,38,"0,2"
2029301,6,"0,2"
2029302,16,"0,4"
2029500,28,"0,2"
2029600,24,"0,7"
2029700,18,"0,2"
2030000,22,"0,4"
2030100,13,"0,1"
2030201,14,"0,2"
2030202,11,"0,3"
2030701,11,"0,4"
2030900,2,"1,3"
2031000,25,"0,6"
2031200,41,"0,2"
2031400,16,"0,2"
2031600,28,"0,2"
2031800,20,"0,2"
2031900,12,"0,2"
2032300,6,"0,6"
2032400,31,"0,3"
2032600,26,"0,3"
2032800,40,"0,2"
2033000,39,"0,2"
2033201,54,"0,1"
2033202,40,"0,1"
2033500,46,"0,1"
2033601,29,"0,1"
2033602,44,"0,1"
2033700,13,"0,4"
2033801,30,"0,1"
2033802,50,"0,0"
2034000,24,"0,2"
2034200,26,"0,2"
2034300,17,"0,1"
2034400,21,"0,2"
2034500,14,"0,3"
2034800,22,"0,4"
2035000,18,"0,2"
2035100,22,"0,6"
2035600,16,"0,4"
2035800,27,"0,7"
2035900,31,"0,1"
2036000,25,"0,3"
2036100,37,"0,2"
2036300,31,"0,2"
2036400,28,"0,2"
2036501,52,"0,1"
2036502,41,"0,1"
2036700,49,"0,1"
2036800,29,"0,2"
2036901,51,"0,1"
2036902,54,"0,1"
2037000,19,"0,2"
2037100,40,"0,2"
2037200,37,"0,2"
2037300,40,"0,2"
2037400,36,"0,2"
2037504,50,"0,2"
2037600,31,"0,1"
2037800,50,"0,1"
2037900,46,"0,2"
2038000,39,"0,2"
2038100,63,"0,2"
2038200,27,"0,2"
2038301,53,"0,1"
2038303,55,"0,1"
2038304,59,"0,1"
2038500,49,"0,2"
2038600,32,"0,4"
2038700,37,"0,2"
2038800,39,"0,1"
2038900,52,"0,2"
2039000,40,"0,2"
2039100,48,"0,2"
2039200,45,"0,1"
2039300,37,"0,2"
2039400,30,"0,1"
2039500,50,"0,4"
2039600,29,"0,2"
2039700,44,"0,5"
2039800,41,"0,2"
2039901,64,"0,2"
2039902,61,"0,1"
2040100,51,"0,2"
2040302,62,"0,1"
2040303,57,"0,1"
2040304,52,"0,1"
2040400,37,"0,2"
2040501,59,"0,1"
2040502,58,"0,1"
2040600,33,"0,2"
2040701,63,"0,1"
2040702,52,"0,2"
2040800,21,"0,1"
2040900,43,"1,2"
2041100,53,"0,1"
2041300,50,"0,2"
2041400,9,"0,6"
2041500,60,"0,1"
2041800,22,"0,3"
2041900,44,"0,3"
2042000,30,"0,2"
2042100,31,"0,2"
2042200,39,"0,2"
2042300,38,"0,2"
2042400,33,"0,2"
2042500,42,"0,3"
2042600,27,"0,5"
2042800,22,"0,2"
2042901,40,"0,1"
2042902,55,"0,1"
2043000,33,"0,2"
2043101,35,"0,1"
2043102,40,"0,1"
2043400,30,"0,3"
2043501,29,"0,4"
2043600,28,"0,2"
2044200,17,"0,2"
2044400,14,"0,4"
2044800,26,"0,2"
2044901,5,"0,2"
2044902,5,"0,2"
2045101,13,"0,2"
2045102,7,"0,2"
2045600,1,"0,9"
2045800,39,"0,2"
2046000,42,"0,3"
2046203,18,"0,9"
2046204,43,"0,1"
2046205,28,"0,9"
2046206,40,"0,1"
2046207,25,"0,2"
2046208,33,"0,5"
2046209,23,"0,5"
2048401,23,"0,5"
2048402,39,"0,2"
2051601,2,"1,2"
3000100,91,"0,2"
3000200,33,"0,3"
3000301,75,"0,2"
3000501,65,"0,1"
3000502,90,"0,1"
3000700,66,"0,2"
3000900,83,"0,2"
3001100,84,"0,2"
3001300,90,"0,3"
3001501,81,"0,2"
3001502,90,"0,1"
3001801,61,"0,5"
3001802,61,"0,6"
3001803,16,"0,6"
3002000,42,"0,2"
3002100,92,"0,5"
3002200,22,"0,3"
3002300,88,"0,2"
3002901,88,"0,1"
3003000,18,"0,1"
3003101,91,"0,2"
3003300,92,"0,2"
3003400,5,"0,5"
3003500,92,"0,1"
3003600,19,"0,1"
3003700,92,"0,2"
3003800,14,"0,1"
3003900,92,"0,2"
3004100,92,"0,2"
3004300,88,"0,2"
3004400,11,"0,4"
3004500,78,"0,2"
3004600,24,"0,3"
3004700,55,"0,3"
3004900,75,"0,1"
3005000,17,"0,2"
3005100,55,"0,2"
3005201,21,"0,1"
3005202,21,"0,1"
3005301,20,"0,6"
3005302,45,"0,8"
3005400,29,"0,2"
3005601,21,"0,2"
3005602,17,"0,1"
3005800,42,"0,2"
3005900,36,"0,4"
3006000,33,"0,2"
3006200,40,"0,2"
3006300,73,"0,1"
3006400,40,"0,2"
3006500,60,"0,2"
3006600,34,"0,2"
3006700,71,"0,2"
3006800,30,"0,2"
3006901,90,"0,1"
3006902,86,"0,1"
3007000,31,"0,1"
3007100,92,"0,2"
3007200,53,"0,1"
3007400,54,"0,1"
3007500,91,"0,3"
3007600,64,"0,1"
3007700,81,"0,4"
3007800,63,"0,1"
3008000,58,"0,1"
3008200,65,"0,1"
3008400,69,"0,2"
3008500,45,"0,2"
3008800,70,"0,2"
3009001,64,"0,1"
3009002,61,"0,1"
3009201,70,"0,1"
3009202,75,"0,1"
3009401,79,"0,1"
3009402,90,"0,1"
3009600,78,"0,2"
3009800,86,"0,2"
3010000,79,"0,2"
3010100,69,"0,3"
3010200,87,"0,2"
3010401,87,"0,1"
3010402,86,"0,1"
3010601,79,"0,1"
3010602,86,"0,1"
3010801,87,"0,1"
3010802,90,"0,1"
3011000,73,"0,2"
3011200,91,"0,2"
3011400,83,"0,2"
3011600,79,"0,2"
3011700,71,"0,2"
3011800,78,"0,2"
3011901,91,"0,5"
3012000,77,"0,2"
3012100,76,"0,1"
3012200,65,"0,2"
3012600,67,"0,2"
3012700,92,"0,2"
3012801,65,"0,1"
3012901,92,"0,1"
3012902,92,"0,1"
3013000,73,"0,2"
3013100,91,"0,2"
3013200,61,"0,2"
3013300,91,"0,1"
3013400,72,"0,3"
3013500,85,"0,2"
3013600,70,"0,2"
3013700,90,"0,2"
3013800,61,"0,2"
3013900,87,"0,2"
3014000,55,"0,1"
3014101,84,"0,1"
3014102,81,"0,1"
3014200,65,"0,2"
3014300,77,"0,2"
3014500,73,"0,2"
3014700,85,"0,1"
3014800,85,"0,1"
3014901,87,"0,1"
3014902,69,"0,2"
3015000,66,"0,1"
3015100,79,"0,1"
3015200,20,"0,3"
3015300,89,"0,2"
3015500,91,"0,1"
3015700,91,"0,2"
3015900,91,"0,3"
3016000,52,"0,3"
3016100,91,"0,2"
3016200,38,"0,2"
3016300,92,"0,2"
3016400,12,"0,8"
3016500,88,"0,2"
3016600,58,"0,3"
3016700,69,"0,2"
3016800,25,"0,2"
3016900,90,"0,2"
3017000,66,"0,2"
3017100,81,"0,2"
3017200,43,"0,2"
3017400,40,"0,2"
3017600,27,"0,1"
3017800,39,"0,2"
3017900,92,"0,2"
3018000,50,"0,2"
3018100,92,"0,2"
3018200,66,"0,2"
3018300,91,"0,1"
3018400,51,"0,1"
3018501,91,"0,1"
3018600,74,"0,1"
3018700,87,"0,1"
3018800,72,"0,2"
3019000,69,"0,2"
3019100,87,"0,3"
3019200,80,"0,2"
3019300,89,"0,3"
3019400,86,"0,2"
3019500,91,"0,1"
3019600,83,"0,2"
3019700,92,"0,2"
3019800,84,"0,1"
3019900,92,"0,2"
3020000,82,"0,1"
3020100,91,"0,2"
3020200,73,"0,1"
3020300,91,"0,1"
3020400,70,"0,1"
3020500,92,"0,2"
3020600,59,"0,2"
3020700,91,"0,1"
3020800,76,"0,1"
3021000,75,"0,1"
3021100,83,"0,3"
3021200,81,"0,2"
3021300,85,"0,2"
3021400,72,"0,2"
3021500,89,"0,2"
3021600,79,"0,2"
3021700,91,"0,1"
3021800,80,"0,2"
3021900,88,"0,1"
3022000,88,"0,2"
3022100,87,"0,2"
3022200,78,"0,2"
3022400,84,"0,2"
3022600,86,"0,2"
3022700,91,"0,2"
3022800,77,"0,2"
3022900,92,"0,2"
3023000,77,"0,2"
3023100,91,"0,2"
3023200,76,"0,2"
3023300,91,"0,2"
3023400,71,"0,2"
3023500,90,"0,1"
3023600,75,"0,2"
3023800,83,"0,2"
3024000,90,"0,2"
3024100,91,"0,2"
3024200,83,"0,2"
3024300,90,"0,2"
3024400,72,"0,2"
3024500,91,"0,2"
3024600,68,"0,2"
3024700,87,"0,2"
3024800,82,"0,2"
3024900,91,"0,2"
3025000,85,"0,2"
3025100,90,"0,1"
3025200,70,"0,2"
3025300,90,"0,2"
3025400,72,"0,2"
3025500,91,"0,1"
3025600,83,"0,2"
3025700,91,"0,2"
3025800,79,"0,2"
3025901,90,"0,1"
3025902,90,"0,1"
3026000,78,"0,2"
3026100,85,"0,2"
3026200,70,"0,2"
3026300,88,"0,1"
3026400,53,"0,2"
3026500,90,"0,2"
3026600,76,"0,2"
3026700,85,"0,2"
3026800,78,"0,2"
3026900,86,"0,1"
3027000,80,"0,1"
3027100,80,"0,2"
3027200,90,"0,1"
3027300,75,"0,1"
3027400,85,"0,2"
3027500,76,"0,2"
3027600,78,"0,1"
3027700,84,"0,2"
3027800,80,"0,2"
3027900,84,"0,2"
3028000,33,"0,1"
3028100,87,"0,2"
3028200,43,"0,2"
3028300,86,"0,1"
3028400,79,"0,2"
3028501,90,"0,1"
3028502,89,"0,1"
3028600,47,"0,2"
3028700,78,"0,1"
3028800,82,"0,2"
3028900,84,"0,2"
3029000,72,"0,2"
3029100,79,"0,2"
3029200,38,"0,2"
3029300,75,"0,2"
3029400,37,"0,2"
3029500,75,"0,2"
3029600,54,"0,2"
3029700,72,"0,2"
3029800,69,"0,2"
3029900,70,"0,1"
3030000,63,"0,2"
3030100,63,"0,2"
3030200,53,"0,2"
3030300,61,"0,3"
3030400,40,"0,5"
3030500,91,"0,3"
3030600,57,"0,2"
3030700,64,"0,3"
3030800,42,"0,7"
3030900,69,"0,2"
3031100,74,"0,2"
3031300,81,"0,2"
3031401,22,"0,4"
3031500,90,"0,2"
3031701,87,"0,1"
3031702,81,"0,1"
3031900,85,"0,2"
3032100,85,"0,2"
3032300,85,"0,2"
3032500,88,"0,2"
3032600,16,"0,3"
3032700,77,"0,2"
3032800,14,"0,2"
3032900,70,"0,2"
3033000,10,"0,4"
3033100,72,"0,1"
3033300,77,"0,2"
3033500,85,"0,2"
3033600,3,"0,7"
3033701,85,"0,1"
3033702,85,"0,1"
3033900,80,"0,2"
3034000,13,"0,1"
3034100,76,"0,1"
3034200,12,"0,2"
3034300,74,"0,2"
3034500,74,"0,2"
3034700,62,"0,1"
3034800,21,"0,6"
3034901,67,"0,1"
3034902,60,"0,1"
3035000,33,"0,2"
3035101,78,"0,1"
3035102,69,"0,1"
3035200,10,"1,0"
3035301,77,"0,1"
3035302,75,"0,1"
3035400,35,"0,4"
3035500,64,"0,1"
3035601,49,"0,1"
3035602,45,"0,2"
3035701,66,"0,1"
3035900,59,"0,2"
3036001,45,"0,1"
3036002,58,"0,1"
3036100,58,"0,1"
3036200,51,"0,2"
3036300,50,"0,3"
3036400,52,"0,1"
3036501,51,"0,1"
3036502,45,"0,1"
3036600,57,"0,2"
3036700,50,"0,2"
3036900,58,"0,2"
3037000,52,"0,3"
3037100,65,"0,2"
3037300,63,"0,2"
3037401,54,"0,2"
3037402,44,"0,3"
3037500,72,"0,2"
3037700,62,"0,2"
3037900,64,"0,2"
3038100,64,"0,2"
3038200,59,"0,2"
3038300,73,"0,2"
3038500,76,"0,2"
3038600,53,"0,3"
3038700,82,"0,2"
3038800,61,"0,2"
3038900,79,"0,2"
3039000,57,"0,2"
3039100,76,"0,2"
3039200,68,"0,2"
3039300,81,"0,2"
3039400,51,"0,2"
3039500,87,"0,2"
3039600,50,"0,2"
3039700,72,"0,2"
3039800,60,"0,2"
3039900,78,"0,2"
3040000,60,"0,2"
3040100,70,"0,2"
3040200,55,"0,2"
3040300,68,"0,2"
3040400,78,"0,2"
3040500,56,"0,1"
3040600,62,"0,1"
3040800,56,"0,2"
3040900,57,"0,2"
3041000,58,"0,1"
3041100,60,"0,1"
3041200,62,"0,2"
3041300,63,"0,2"
3041401,54,"0,1"
3041402,64,"0,2"
3041500,78,"0,2"
3041600,60,"0,2"
3041700,84,"0,1"
3041800,56,"0,2"
3041900,87,"0,2"
3042000,47,"0,2"
3042100,86,"0,2"
3042200,56,"0,2"
3042300,82,"0,2"
3042400,59,"0,2"
3042500,78,"0,2"
3042600,56,"0,2"
3042700,75,"0,1"
3042800,77,"0,2"
3042900,78,"0,2"
3043000,70,"0,2"
3043100,82,"0,2"
3043200,71,"0,1"
3043300,83,"0,2"
3043400,72,"0,1"
3043500,80,"0,2"
3043600,61,"0,1"
3043700,74,"0,2"
3043800,61,"0,2"
3043900,85,"0,2"
3044000,60,"0,2"
3044100,85,"0,1"
3044200,52,"0,2"
3044300,77,"0,2"
3044400,47,"0,2"
3044500,61,"0,2"
3044600,70,"0,1"
3044700,62,"0,2"
3044800,48,"0,2"
3044901,40,"0,4"
3044902,34,"1,7"
3045000,50,"0,2"
3045200,61,"0,2"
3045300,75,"0,3"
3045400,64,"0,1"
3045600,61,"0,2"
3045800,58,"0,2"
3046000,63,"0,2"
3046201,63,"0,1"
3046202,62,"0,2"
3046400,74,"0,2"
3046800,70,"0,3"
3047000,82,"0,2"
3047200,81,"0,2"
3047400,81,"0,2"
3047600,65,"0,2"
3047700,58,"0,2"
3047800,76,"0,2"
3048000,74,"0,2"
3048100,60,"0,2"
3048200,65,"0,2"
3048400,60,"0,2"
3048500,68,"0,6"
3048600,84,"0,2"
3048800,75,"0,1"
3048900,81,"0,1"
3049000,68,"0,2"
3049100,81,"0,2"
3049200,81,"0,2"
3049301,87,"0,1"
3049302,85,"0,2"
3049400,71,"0,2"
3049500,82,"0,1"
3049600,77,"0,2"
3049700,72,"0,2"
3049800,69,"0,2"
3049900,72,"0,1"
3050001,78,"0,1"
3050002,82,"0,1"
3050100,82,"0,2"
3050202,67,"0,1"
3050300,81,"0,1"
3050401,78,"0,1"
3050402,80,"0,1"
3050500,77,"0,2"
3050600,83,"0,2"
3050700,86,"0,2"
3050801,75,"0,1"
3050803,81,"0,1"
3050804,77,"0,1"
3050900,90,"0,1"
3051001,68,"0,1"
3051002,75,"0,1"
3051100,87,"0,2"
3051200,81,"0,1"
3051300,83,"0,3"
3051400,70,"0,2"
3051500,83,"0,2"
3051601,61,"0,1"
3051602,62,"0,1"
3051700,82,"0,2"
3051800,65,"0,2"
3051900,80,"0,3"
3052000,79,"0,2"
3052300,86,"0,1"
3052500,71,"0,1"
3052600,63,"0,2"
3052700,83,"0,2"
3052800,59,"0,2"
3052900,80,"0,2"
3053000,50,"0,2"
3053101,91,"0,1"
3053102,90,"0,1"
3053200,51,"0,2"
3053300,83,"0,2"
3053400,50,"0,2"
3053500,69,"0,1"
3053700,90,"0,2"
3053800,42,"0,2"
3053900,82,"0,1"
3054200,37,"0,2"
3054400,42,"0,2"
3054500,80,"0,2"
3054600,41,"0,2"
3054700,74,"0,2"
3054800,44,"0,2"
3054900,78,"0,2"
3055000,44,"0,2"
3055100,81,"0,2"
3055200,48,"0,2"
3055300,79,"0,2"
3055400,44,"0,2"
3055500,80,"0,3"
3055600,52,"0,2"
3055700,75,"0,3"
3055800,58,"0,2"
3056000,50,"0,2"
3056100,74,"0,3"
3056200,48,"0,2"
3056301,59,"0,2"
3056302,57,"0,2"
3056400,36,"0,2"
3056500,65,"0,2"
3056600,22,"0,2"
3056800,22,"0,1"
3056900,81,"0,1"
3057000,20,"0,3"
3057100,65,"0,2"
3057200,20,"0,2"
3057300,79,"0,2"
3057400,33,"0,2"
3057500,74,"0,2"
3057600,45,"0,2"
3057800,56,"0,2"
3057901,67,"0,2"
3058000,54,"0,2"
3058200,45,"0,2"
3058400,62,"0,2"
3058600,55,"0,2"
3058800,58,"0,2"
3058901,52,"0,2"
3059000,57,"0,2"
3059100,39,"0,2"
3059200,57,"0,2"
3059300,34,"0,2"
3059402,31,"0,3"
3059403,47,"0,2"
3059404,47,"0,2"
3059600,13,"0,2"
3059800,4,"0,2"
3060000,27,"0,4"
3060600,42,"0,2"
3060800,40,"0,4"
3061002,26,"0,2"
3061003,55,"0,1"
3061004,51,"0,2"
3061200,28,"0,2"
3061600,2,"0,7"
3062000,10,"0,3"
3062200,0,"0,2"
3062600,5,"0,3"
3062800,0,"0,8"
3063200,13,"0,1"
3063600,27,"0,1"
3063800,23,"0,1"
3064000,28,"0,2"
3064200,30,"0,2"
3064400,27,"0,2"
3064600,26,"0,2"
3064800,27,"0,2"
3065000,21,"0,2"
3065200,18,"0,2"
3065400,25,"0,2"
3065600,16,"0,2"
3065800,15,"0,2"
3066000,21,"0,2"
3066200,15,"0,2"
3067000,16,"0,2"
3067200,30,"0,2"
3067400,24,"0,2"
3067600,26,"0,2"
3067800,25,"0,2"
3068000,22,"0,2"
3068200,17,"0,2"
3068600,25,"0,1"
3068800,23,"0,2"
3069000,19,"0,2"
3069200,17,"0,2"
3069601,14,"0,4"
3069602,11,"0,7"
3069800,4,"0,5"
3070000,12,"0,2"
3070201,1,"1,0"
3070601,4,"0,4"
3072000,30,"0,2"
3072200,19,"0,3"
3072400,24,"0,2"
3072600,22,"0,3"
3072800,20,"0,2"
3073000,29,"0,2"
3073200,24,"0,2"
3073400,23,"0,2"
3073600,25,"0,2"
3073800,21,"0,2"
3074000,34,"0,2"
3074200,30,"0,2"
3074400,23,"0,2"
3074600,31,"0,2"
3074800,36,"0,2"
3075000,34,"0,2"
3075200,48,"0,2"
3075400,33,"0,2"
3075600,26,"0,2"
3075800,37,"0,2"
3076000,29,"0,2"
3076200,45,"0,2"
3076400,41,"0,2"
3076600,69,"0,1"
3076800,39,"0,3"
3077000,58,"0,2"
3077200,45,"0,4"
3077400,22,"0,1"
3077600,41,"0,2"
3078000,35,"0,2"
3078200,37,"0,2"
3078400,35,"0,2"
3078601,65,"0,1"
3078602,48,"0,1"
3078801,54,"0,1"
3078802,53,"0,1"
3079001,80,"0,1"
3079002,58,"0,1"
3079201,73,"0,1"
3079202,62,"0,1"
3079400,65,"0,2"
3079601,71,"0,1"
3079602,70,"0,1"
3079801,71,"0,1"
3079802,78,"0,1"
3080000,78,"0,2"
3080200,70,"0,2"
3080400,68,"0,2"
3080600,79,"0,2"
3080800,68,"0,3"
3081000,74,"0,2"
3081400,63,"0,2"
3081600,67,"0,2"
3081800,63,"0,2"
3082000,66,"0,1"
3082200,80,"0,2"
3082400,60,"0,2"
3082600,64,"0,2"
3082800,54,"0,2"
3083000,49,"0,2"
3083200,42,"0,1"
3083400,46,"0,1"
3083600,28,"0,2"
3083800,35,"0,2"
3084000,22,"0,2"
3084600,23,"0,2"
3084800,23,"0,1"
3085000,36,"0,1"
3085400,49,"0,1"
3085600,63,"0,2"
3085800,63,"0,1"
3086000,38,"0,2"
3086200,43,"0,1"
3086400,54,"0,2"
3086600,58,"0,2"
3086800,54,"0,2"
3087000,59,"0,2"
3087200,64,"0,1"
3087401,57,"0,1"
3087600,71,"0,1"
3087800,52,"0,2"
3088001,66,"0,1"
3088002,58,"0,1"
3088200,55,"0,2"
3088400,65,"0,2"
3088600,50,"0,2"
3088800,44,"0,2"
3089000,48,"0,2"
3089200,53,"0,2"
3089400,52,"0,2"
3089600,45,"0,1"
3089800,52,"0,2"
3090000,51,"0,2"
3090200,45,"0,2"
3090600,49,"0,2"
3090800,39,"0,3"
3091000,37,"0,2"
3091200,46,"0,2"
3091600,41,"0,2"
3091800,42,"0,2"
3092000,33,"0,2"
3092200,36,"0,2"
3092400,50,"0,3"
3092800,38,"0,2"
3093000,15,"0,2"
3093200,34,"0,3"
3093400,35,"0,2"
3093600,36,"0,2"
3093800,30,"0,1"
3094401,21,"0,4"
3094402,19,"0,1"
3094600,25,"0,3"
3095000,14,"0,2"
3095400,10,"0,2"
3095600,18,"0,2"
3095800,11,"0,2"
3096000,18,"0,4"
3096200,27,"0,2"
3096400,4,"0,2"
3096600,24,"0,2"
3096800,13,"0,1"
3097000,22,"0,2"
3097400,25,"0,3"
3098200,21,"0,3"
3098400,26,"0,1"
3098600,14,"0,2"
3098800,20,"0,2"
3099000,12,"0,2"
3099200,12,"0,1"
3099400,19,"0,2"
3099600,11,"0,2"
3099800,14,"0,4"
3100400,6,"0,1"
3100600,23,"0,2"
3100800,21,"0,1"
3101000,12,"0,2"
3101200,17,"0,2"
3101400,32,"0,2"
3101600,20,"0,1"
3101800,16,"0,2"
3102000,12,"0,2"
3102200,18,"0,2"
3102400,17,"0,1"
3102600,13,"0,1"
3102801,16,"0,2"
3103401,11,"0,2"
3105801,16,"0,4"
3105804,14,"0,7"
3107001,7,"1,2"
3107800,13,"0,5"
3109800,30,"0,9"
3110400,25,"0,7"
3110600,27,"0,2"
3111000,28,"0,1"
3111600,25,"0,5"
3111800,41,"0,2"
3112000,38,"0,2"
3112200,35,"0,2"
3112400,44,"0,2"
3112600,43,"0,2"
3112800,31,"0,2"
3113000,25,"0,2"
3113200,35,"0,2"
3113400,43,"0,2"
3114201,38,"0,3"
3114202,40,"0,1"
3114400,48,"0,4"
3114600,43,"0,2"
3115000,44,"0,2"
3115200,45,"0,2"
3115600,46,"0,2"
3115800,43,"0,2"
3116000,43,"0,2"
3116200,35,"0,1"
3116400,31,"0,2"
3116600,39,"0,2"
3116800,47,"0,1"
3117000,46,"0,2"
3117201,35,"0,1"
3117202,22,"0,2"
3117400,36,"0,2"
3117601,37,"0,2"
3117602,43,"0,1"
3117800,44,"0,1"
3118201,35,"0,1"
3118202,21,"0,1"
3118400,46,"0,2"
3118600,42,"0,1"
3118800,51,"0,2"
3119000,54,"0,1"
3119200,48,"0,2"
3119400,32,"0,2"
3119600,32,"0,3"
3119800,33,"0,3"
3120000,37,"0,2"
3120200,42,"0,2"
3120801,44,"0,2"
3120802,37,"0,1"
3120803,19,"0,2"
3121000,21,"0,2"
3121400,32,"0,2"
3122000,20,"1,1"
3123700,91,"0,3"
3150200,86,"0,3"
3152200,82,"0,4"
4000101,72,"0,3"
4000102,63,"0,1"
4000103,65,"0,2"
4000104,62,"0,6"
4000200,17,"0,2"
4000400,36,"0,2"
4000600,42,"0,2"
4000701,59,"0,2"
4000702,64,"0,3"
4000800,41,"0,2"
4001000,34,"0,2"
4001200,22,"0,2"
4001400,26,"0,2"
4001600,39,"0,2"
4001800,34,"0,2"
4001901,66,"0,2"
4001902,63,"0,2"
4001903,54,"0,5"
4002000,42,"0,1"
4002200,41,"0,1"
4002400,31,"0,1"
4002500,53,"0,2"
4002600,29,"0,1"
4002800,36,"0,2"
4003000,42,"0,1"
4003100,88,"0,2"
4003200,59,"0,2"
4003301,76,"0,2"
4003302,75,"0,3"
4003400,55,"0,2"
4003600,41,"0,2"
4003700,89,"0,4"
4003800,38,"0,2"
4003900,80,"0,1"
4004001,32,"0,2"
4004002,58,"0,1"
4004200,42,"0,2"
4004300,66,"0,2"
4004401,44,"0,3"
4004500,64,"0,2"
4004700,69,"0,2"
4005100,85,"0,1"
4005200,44,"0,1"
4005300,86,"0,2"
4005400,44,"0,4"
4005500,79,"0,2"
4005700,90,"0,2"
4005800,27,"0,6"
4005900,90,"0,2"
4006100,91,"0,2"
4006201,11,"0,4"
4006202,15,"1,2"
4006300,91,"0,2"
4006501,90,"0,1"
4006502,90,"0,2"
4006900,63,"0,2"
4007100,69,"0,2"
4007300,68,"0,1"
4007500,83,"0,1"
4007700,72,"0,1"
4007900,73,"0,2"
4008100,82,"0,1"
4008300,76,"0,2"
4008500,58,"0,3"
4008600,32,"0,3"
4008700,87,"0,3"
4008800,16,"0,5"
4009100,73,"0,2"
4009400,48,"0,2"
4009500,51,"0,2"
4009600,45,"0,2"
4009700,41,"0,2"
4009800,52,"0,1"
4010000,37,"0,2"
4010100,35,"0,2"
4010200,23,"0,2"
4010300,30,"0,3"
4010400,42,"0,2"
4010500,22,"0,2"
4010600,41,"0,2"
4010701,9,"1,6"
4010800,43,"0,2"
4011000,39,"0,2"
4011100,32,"0,2"
4011200,43,"0,2"
4011300,43,"0,2"
4011400,48,"0,1"
4011500,58,"0,2"
4011600,55,"0,1"
4011700,67,"0,2"
4011800,55,"0,2"
4011900,65,"0,1"
4012000,47,"0,1"
4012100,42,"0,1"
4012200,36,"0,2"
4012301,21,"0,6"
4012400,38,"0,2"
4012500,81,"0,2"
4012601,48,"0,2"
4012602,45,"0,1"
4012800,54,"0,2"
4013000,41,"0,2"
4013200,46,"0,2"
4013400,32,"0,2"
4013500,34,"0,1"
4013600,47,"0,2"
4013700,62,"0,2"
4013800,42,"0,2"
4014000,46,"0,2"
4014100,73,"0,2"
4014201,40,"0,2"
4014202,45,"0,6"
4014300,90,"0,1"
4014400,41,"0,2"
4014500,82,"0,1"
4014700,87,"0,1"
4014800,53,"0,2"
4014900,91,"0,1"
4015000,41,"0,1"
4015100,90,"0,1"
4015200,51,"0,2"
4015300,90,"0,1"
4015400,39,"0,2"
4015500,91,"0,1"
4015600,42,"0,2"
4015700,91,"0,1"
4015801,40,"0,3"
4015802,32,"0,3"
4015900,91,"0,2"
4016100,92,"0,1"
4016300,92,"0,2"
4016400,33,"0,2"
4016600,35,"0,2"
4016800,29,"0,2"
4016900,69,"0,2"
4017000,34,"0,2"
4017200,37,"0,2"
4017400,17,"0,2"
4017600,25,"0,2"
4017800,21,"0,2"
4017901,36,"0,1"
4017902,66,"0,4"
4018000,18,"0,1"
4018101,56,"0,1"
4018102,62,"0,1"
4018200,9,"0,3"
4018300,58,"0,2"
4018401,11,"0,2"
4018402,23,"0,2"
4018501,32,"0,1"
4018502,50,"0,1"
4018600,23,"0,2"
4018700,19,"0,2"
4018800,16,"0,2"
4018900,22,"0,2"
4019000,28,"0,2"
4019200,23,"0,2"
4019400,36,"0,3"
4019600,41,"0,2"
4019800,48,"0,2"
4019901,39,"0,3"
4019902,55,"0,6"
4020200,41,"0,2"
4020400,46,"0,3"
4020500,5,"0,6"
4020600,52,"0,1"
4020800,51,"0,5"
4021200,50,"0,2"
4021400,46,"0,4"
4021601,34,"0,2"
4021602,47,"0,1"
4021900,31,"1,3"
4022001,41,"0,4"
4022002,45,"0,3"
4023000,56,"0,2"
4023200,48,"0,3"
4023501,28,"0,1"
4023502,43,"0,1"
4023600,53,"0,2"
4023800,55,"0,2"
4024000,44,"0,3"
4024300,19,"0,6"
4024500,41,"0,3"
4024600,60,"0,3"
4024700,66,"0,1"
4024900,77,"0,2"
4025100,77,"0,2"
4025301,56,"0,1"
4025302,77,"0,1"
4025401,47,"0,3"
4025402,49,"0,4"
4025500,86,"0,2"
4025700,90,"0,2"
4025800,54,"0,2"
4025900,77,"0,2"
4026000,41,"0,2"
4026100,83,"0,2"
4026200,24,"0,1"
4026300,90,"0,2"
4026400,30,"0,3"
4026501,88,"0,1"
4026502,79,"0,1"
4026600,32,"0,2"
4026700,90,"0,2"
4026901,90,"0,1"
4026902,89,"0,1"
4027000,38,"0,2"
4027101,86,"0,1"
4027102,91,"0,0"
4027200,22,"0,2"
4027301,90,"0,1"
4027302,80,"0,1"
4027400,31,"0,1"
4027500,90,"0,2"
4027600,27,"0,2"
4027701,92,"0,1"
4027702,83,"0,1"
4027800,33,"0,2"
4027900,90,"0,2"
4028000,23,"0,2"
4028100,89,"0,2"
4028200,14,"0,2"
4028300,91,"0,2"
4028400,26,"0,4"
4028500,90,"0,2"
4028700,88,"0,2"
4028801,19,"0,2"
4028802,16,"0,2"
4028803,14,"0,4"
4028900,88,"0,2"
4029100,86,"0,3"
4029300,90,"0,2"
4029400,11,"1,1"
4029500,91,"0,2"
4029700,88,"0,5"
4030600,2,"1,4"
4030903,69,"0,4"
4030904,56,"0,4"
4030905,81,"0,2"
4030906,85,"0,2"
4031700,29,"0,8"
4032000,3,"1,1"
4032700,62,"0,2"
4032800,22,"0,4"
4032900,32,"0,4"
4033000,10,"0,8"
4033401,11,"0,6"
4033403,21,"0,3"
4033404,12,"0,2"
4033405,13,"0,3"
4033700,58,"0,2"
4033900,64,"0,2"
4034700,20,"0,4"
4035100,59,"0,1"
4035200,11,"0,6"
4035300,53,"0,2"
4035700,7,"0,6"
4035800,22,"0,5"
4036100,42,"0,2"
4036300,55,"0,1"
4036500,39,"0,2"
4036600,15,"0,4"
4036700,17,"0,2"
4036800,18,"0,2"
4037100,8,"0,2"
4037300,16,"0,2"
4037501,87,"0,1"
4037502,90,"0,1"
4037600,14,"0,8"
4037700,62,"0,1"
4037900,61,"0,2"
4038100,22,"0,3"
4038301,30,"0,6"
4038400,25,"0,3"
4039400,17,"0,3"
4039800,12,"0,2"
4039901,46,"0,1"
4039902,41,"0,1"
4040000,22,"0,2"
4040101,51,"0,1"
4040102,41,"0,1"
4040200,30,"0,2"
4040301,64,"0,1"
4040302,61,"0,1"
4040400,29,"0,5"
4040501,80,"0,1"
4040502,80,"0,1"
4040701,85,"0,1"
4040702,76,"0,1"
4040901,82,"0,1"
4040902,87,"0,1"
4041100,90,"0,1"
4041300,78,"0,2"
4041400,33,"0,5"
4041500,52,"0,2"
4042400,21,"0,5"
4042600,23,"0,5"
4042700,46,"0,2"
4043200,21,"0,2"
4043400,20,"0,2"
4043701,36,"0,1"
4043702,66,"0,2"
4043900,59,"0,2"
4044000,50,"0,4"
4044301,82,"0,1"
4044302,84,"0,3"
4044400,51,"0,9"
4044601,61,"0,2"
4044602,62,"0,2"
4044800,50,"0,2"
4045000,57,"0,2"
4045200,59,"0,2"
4045400,42,"0,2"
4045500,76,"0,1"
4045600,55,"0,2"
4045700,87,"0,2"
4045800,44,"0,2"
4045900,90,"0,1"
4046000,73,"0,2"
4046100,90,"0,1"
4046200,70,"0,2"
4046300,89,"0,2"
4046400,40,"0,2"
4046500,88,"0,1"
4046600,31,"0,2"
4046700,90,"0,1"
4046800,54,"0,2"
4046901,88,"0,1"
4046902,90,"0,1"
4047000,47,"0,2"
4047100,90,"0,2"
4047200,31,"0,5"
4047300,83,"0,2"
4047500,62,"0,3"
4047600,24,"0,5"
4047801,39,"0,5"
4047802,36,"0,1"
4047900,50,"0,4"
4048000,41,"0,2"
4048100,82,"0,1"
4048200,45,"0,2"
4048301,81,"0,1"
4048302,70,"0,1"
4048400,39,"0,4"
4048500,65,"0,3"
4048900,45,"0,4"
4049201,19,"0,3"
4049202,34,"0,2"
4049301,32,"0,2"
4049302,30,"0,3"
4049500,42,"0,1"
4049600,32,"0,3"
4049700,26,"0,2"
4049900,44,"0,5"
4050000,27,"0,3"
4050201,44,"0,2"
4050202,29,"0,2"
4050400,19,"0,2"
4050500,48,"0,1"
4050600,19,"0,2"
4050700,28,"0,4"
4050800,19,"0,2"
4051000,16,"0,2"
4051100,56,"0,3"
4051200,14,"0,4"
4051300,28,"0,2"
4051500,19,"0,2"
4051600,12,"0,2"
4051700,34,"0,3"
4051800,5,"0,2"
4052000,11,"0,2"
4052100,20,"0,2"
4052200,20,"0,2"
4052400,22,"0,2"
4052500,16,"0,2"
4052600,21,"0,2"
4052800,21,"0,2"
4053000,15,"0,2"
4053100,20,"0,4"
4053200,15,"0,2"
4053401,15,"0,3"
4053501,11,"0,2"
4053601,8,"0,2"
4053800,10,"0,2"
4053901,25,"0,4"
4053902,22,"0,2"
4054000,14,"0,5"
4054200,24,"0,5"
4054500,72,"0,1"
4054700,76,"0,1"
4054800,34,"0,2"
4054900,84,"0,2"
4055100,87,"0,2"
4055200,28,"0,4"
4055300,90,"0,1"
4055400,13,"0,2"
4055500,67,"0,2"
4055600,18,"0,2"
4055700,70,"0,2"
4055800,27,"0,2"
4055900,63,"0,2"
4056000,19,"0,2"
4056200,23,"0,2"
4056400,10,"0,2"
4056500,57,"0,1"
4056600,18,"0,2"
4056700,38,"0,3"
4056800,8,"0,8"
4057700,45,"0,2"
4057900,52,"0,1"
4058000,1,"0,5"
4058100,59,"0,1"
4058200,4,"0,6"
4058300,62,"0,1"
4058500,65,"0,2"
4058700,55,"0,1"
4058900,60,"0,2"
4059000,12,"0,2"
4059100,48,"0,2"
4059200,7,"0,2"
4059300,27,"0,3"
4059400,10,"0,2"
4059501,27,"0,2"
4059502,20,"0,2"
4059600,11,"0,2"
4059800,11,"0,2"
4059900,31,"0,1"
4060000,11,"0,2"
4060100,26,"0,2"
4060300,30,"0,2"
4060600,12,"0,2"
4060800,10,"0,2"
4061000,22,"0,2"
4061200,9,"0,3"
4061301,36,"0,7"
4061400,3,"0,3"
4061601,6,"0,4"
4061602,10,"0,4"
4061800,15,"0,2"
4061900,35,"0,2"
4062000,15,"0,2"
4062100,27,"0,3"
4062200,2,"0,4"
4062300,22,"0,2"
4062500,20,"0,2"
4062600,7,"0,4"
4062700,32,"0,2"
4062900,46,"0,2"
4063000,18,"0,2"
4063200,32,"0,3"
4063301,27,"0,1"
4063302,22,"0,1"
4063500,22,"0,2"
4063700,39,"0,7"
4063800,5,"0,7"
4063900,26,"0,2"
4064101,32,"0,1"
4064500,29,"0,3"
4064600,9,"0,4"
4065000,12,"0,4"
4065401,4,"0,4"
4065402,0,"0,3"
4065600,0,"0,6"
4065702,46,"0,1"
4065703,47,"0,3"
4065900,36,"0,2"
4066000,0,"0,4"
4066100,49,"0,1"
4066301,28,"0,3"
4066302,37,"0,2"
4066401,0,"1,1"
4066402,0,"0,4"
4066403,0,"0,4"
4066501,33,"0,3"
4066701,43,"0,3"
4066900,47,"0,2"
4067100,28,"0,2"
4067700,32,"0,2"
4067900,46,"0,3"
4068000,2,"0,8"
4068200,15,"0,2"
4068300,73,"0,2"
4068700,56,"0,3"
4069000,0,"0,3"
4069300,71,"0,1"
4069400,0,"0,5"
4069500,46,"0,2"
4069701,58,"0,1"
4069702,45,"0,4"
4070300,33,"0,2"
4070700,21,"0,2"
4070900,32,"0,2"
4071100,48,"0,4"
4071303,58,"0,1"
4071304,65,"0,2"
4071305,62,"0,1"
4071306,56,"0,2"
4071701,66,"0,2"
4071702,65,"0,2"
4071900,60,"0,2"
4072100,65,"0,2"
4072300,33,"0,5"
4072900,34,"0,2"
4073100,34,"0,2"
4073700,35,"0,2"
4073900,47,"0,2"
4074100,38,"0,2"
4074300,46,"0,2"
4074500,49,"0,2"
4074700,29,"0,3"
4074900,33,"0,4"
4075701,26,"0,2"
4075702,30,"0,4"
4076901,49,"0,2"
4076902,47,"0,1"
4077300,28,"0,3"
4077500,42,"0,2"
4077902,34,"0,6"
4077903,34,"0,3"
4077904,37,"0,4"
4077905,45,"0,3"
4077906,21,"0,3"
4077907,36,"0,2"
4077908,37,"0,2"
4078800,11,"0,2"
4079000,9,"0,3"
4079200,4,"0,4"
4079701,73,"0,1"
4079702,51,"0,3"
4079900,30,"0,3"
4080301,16,"0,3"
4080302,33,"0,4"
4080900,32,"1,0"
4081400,6,"0,4"
4081800,6,"0,4"
4083700,65,"0,8"
4083800,8,"0,5"
4084000,8,"0,6"
4084500,54,"0,2"
4084601,7,"0,3"
4084602,3,"0,7"
4084901,24,"0,2"
4084902,84,"0,1"
4085300,91,"0,2"
4085500,74,"0,1"
4085700,60,"0,1"
4085900,47,"0,1"
4086100,50,"0,1"
4086300,54,"0,1"
4086400,21,"1,1"
4086500,70,"0,2"
4086900,40,"0,6"
4087100,56,"0,4"
4088400,2,"1,5"
4088902,56,"0,3"
4088903,21,"0,4"
4089201,1,"1,8"
4090700,29,"2,0"
4091603,1,"1,9"
4091900,14,"0,5"
4092200,1,"0,6"
4092500,18,"0,3"
4092800,1,"0,8"
4092900,0,"1,0"
4093401,4,"0,5"
4093402,10,"0,4"
4093800,16,"0,8"
4093900,5,"0,7"
4094201,16,"0,3"
4094202,2,"0,7"
4094203,10,"0,5"
4094500,11,"1,5"
4094700,23,"0,3"
4095400,5,"0,8"
4096400,4,"0,9"
4097202,0,"0,6"
4097204,3,"0,4"
4097205,0,"0,2"
4097206,0,"0,3"
4097300,3,"0,5"
4098100,3,"0,6"
4098700,8,"0,7"
4099100,2,"1,1"
4099200,5,"0,6"
4099701,1,"1,0"
4099703,1,"0,6"
4099704,1,"0,7"
4099705,2,"0,4"
4099801,8,"0,5"
4099802,4,"0,4"
4100801,0,"0,6"
4100803,4,"0,3"
4100804,1,"0,7"
4101002,1,"0,5"
4101003,15,"0,2"
4101004,10,"0,6"
4101700,6,"1,0"
4102900,10,"0,5"
4103201,4,"0,4"
4103202,4,"0,7"
4103300,15,"0,6"
4103900,15,"0,9"
4104700,36,"0,8"
4105900,20,"0,7"
4107201,0,"1,4"
4108500,5,"0,4"
4109300,1,"1,1"
4109700,4,"0,4"
4109900,12,"0,4"
4111300,4,"0,7"
4112300,12,"0,3"
4112900,11,"0,4"
4113300,19,"0,3"
4113900,16,"0,4"
4114100,11,"0,4"
4114700,16,"0,3"
4115100,12,"0,3"
4115500,26,"0,2"
4115700,46,"0,3"
4115900,48,"0,3"
4116100,75,"0,2"
4116301,50,"0,1"
4116302,37,"0,1"
4116700,52,"0,2"
4117100,21,"0,4"
4117500,17,"0,6"
4118100,21,"0,2"
4118500,27,"0,2"
4118700,22,"0,2"
4118900,50,"0,2"
4119100,29,"0,2"
4119300,21,"0,2"
4119500,18,"0,2"
4119900,42,"0,2"
4120100,20,"0,2"
4120300,32,"0,2"
4120500,36,"0,2"
4120701,20,"0,4"
4120702,20,"0,3"
4121500,27,"0,6"
4122300,19,"0,5"
4122702,34,"0,4"
4122703,28,"0,4"
4122704,33,"0,3"
4124100,35,"0,5"
4124700,34,"0,5"
4125700,42,"0,3"
4126500,59,"0,2"
4126700,54,"0,8"
4127700,34,"1,1"
4129102,20,"1,0"
4129103,21,"0,5"
4129104,12,"0,7"
4130100,14,"0,7"
4133300,18,"0,7"
4133900,13,"0,2"
4134100,27,"0,6"
4134701,13,"0,5"
4134702,13,"0,6"
4136700,10,"0,8"
4137700,14,"0,8"
4138501,5,"1,0"
4139900,18,"0,4"
4140300,17,"0,4"
4140901,19,"0,2"
4140902,14,"0,5"
4141700,15,"0,9"
4142900,16,"0,5"
4143500,4,"0,4"
4144100,11,"0,3"
4144700,9,"0,4"
4145101,18,"0,3"
4145102,15,"0,3"
4145900,20,"0,4"
4146300,10,"0,3"
4146700,9,"0,4"
4147100,5,"0,4"
4147900,2,"0,9"
4148300,1,"1,3"
4150701,4,"0,9"
4150702,2,"0,8"
4152901,9,"1,4"
4152902,6,"1,0"
4155101,2,"0,5"
4155103,14,"0,7"
4155104,3,"0,7"
4156700,19,"1,5"
4157101,16,"1,2"
4157102,11,"0,3"
4157901,2,"0,9"
4157902,4,"0,7"
4157903,6,"0,7"
4161700,12,"0,7"
4162100,20,"0,7"
5000300,0,"0,4"
5000600,3,"0,7"
5000700,0,"0,5"
5000800,4,"0,8"
5000900,0,"0,2"
5001100,1,"0,3"
5001700,0,"0,3"
5001800,1,"0,9"
5002001,3,"0,5"
5002002,5,"0,8"
5002100,0,"0,9"
5002700,11,"0,3"
5002900,0,"0,5"
5003300,4,"0,9"
5003600,11,"0,4"
5003900,5,"0,6"
5004001,3,"0,3"
5004002,10,"0,3"
5004003,7,"0,2"
5004004,8,"0,4"
5004700,8,"0,9"
5005000,7,"0,8"
5005901,10,"0,9"
5005902,4,"0,4"
5006400,12,"0,7"
5006700,7,"1,0"
5007001,2,"0,5"
5007002,1,"2,2"
5007400,3,"0,5"
5007500,5,"0,5"
5007700,0,"0,2"
5008100,0,"0,8"
5009601,4,"0,8"
5009602,0,"0,6"
5009701,1,"0,7"
5010500,10,"0,8"
5011201,0,"1,6"
5011203,1,"1,0"
5011401,0,"0,5"
5011402,1,"0,6"
5012100,14,"0,7"
5012200,1,"0,8"
5012500,8,"0,5"
5012804,2,"0,9"
5012805,1,"1,0"
5012806,2,"1,3"
5013201,13,"0,5"
5013203,6,"1,0"
5013204,6,"1,0"
5013301,21,"0,1"
5013302,11,"0,9"
5013400,3,"0,9"
5013800,1,"1,4"
5014100,12,"0,3"
5014604,14,"1,1"
5014605,14,"0,9"
5014606,6,"1,8"
5014607,5,"0,7"
5014608,3,"0,4"
5014700,11,"1,7"
5015100,12,"1,0"
5015601,8,"1,4"
5015602,2,"0,9"
5015603,2,"0,9"
5016901,11,"0,8"
5017005,0,"1,4"
5017007,1,"1,5"
5017009,1,"1,2"
5017011,3,"0,7"
5017012,1,"0,9"
5017013,1,"0,6"
5017014,1,"0,6"
5017015,2,"0,5"
5017016,0,"0,7"
5017300,8,"0,3"
5017600,0,"3,3"
5017701,2,"2,9"
5017702,0,"0,6"
5018100,0,"5,2"
5018701,18,"0,4"
5018703,2,"0,5"
5018704,1,"0,5"
5018901,10,"1,1"
5018902,2,"0,8"
5019700,20,"0,3"
5019800,0,"5,7"
5020100,9,"0,6"
5020701,2,"0,4"
5020702,7,"0,5"
5020803,1,"2,1"
5020804,1,"1,3"
5020805,1,"1,1"
5020806,2,"1,5"
5021300,4,"0,8"
5022300,1,"0,7"
5022601,4,"1,7"
5022602,4,"6,3"
5023100,4,"0,6"
5023900,9,"0,5"
5024401,2,"2,1"
5024402,0,"1,8"
5024700,14,"0,5"
5024800,4,"1,6"
5025100,13,"1,2"
5027301,4,"3,0"
5027302,0,"1,0"
5027702,12,"1,5"
5027704,0,"0,5"
5027705,3,"0,5"
5027706,12,"0,4"
5027900,8,"5,4"
5029102,0,"9,9"
5029104,5,"1,5"
5029105,4,"1,6"
5029106,9,"0,4"
5030301,14,"0,7"
5030302,16,"0,9"
5031901,4,"0,4"
5031902,1,"0,7"
5032300,0,"3,9"